,name,category,latitude,longitude
0,Sekolah Menengah Kebangsaan Kepong Baru,education,3.1977700000000002,101.647
1,Sekolah Kebangsaan Taman Kepong,education,3.19895,101.648
2,Sekolah Kebangsaan Kepong Baru,education,3.205899,101.645528
3,Sekolah Kebangsaan Menjalara,education,3.193969,101.637578
4,Sekolah Menengah Kebangsaan Taman Bukit Maluri,education,3.20245,101.634
5,Sekolah Menengah Kebangsaan Menjalara,education,3.193501,101.636275
6,Sekolah Kebangsaan Seri Kepong,education,3.1912700000000003,101.647
7,Sekolah Jenis Kebangsaan (Tamil) Ladang Edinburgh,education,3.2025799999999998,101.633
8,Sekolah Kebangsaan Taman Bukit Maluri,education,3.2037,101.633
9,Sekolah Menengah Kebangsaan Sinar Bintang,education,3.1886799999999997,101.645
10,Tzu Chi International School,education,3.2095517000000005,101.6495568
11,Sekolah Jenis Kebangsaan (Cina) Kepong 3,education,3.18853,101.640709
12,Kolej Tingkatan Enam Desa Mahkota,education,3.188694,101.639831
13,The International School @ Parkcity,education,3.1879,101.6376
14,Brainy Bunch - Bandar Manjalara (new),education,3.193876700000001,101.6301282
15,Sekolah Jenis Kebangsaan (Tamil) Segambut,education,3.195592,101.658441
16,Sekolah Kebangsaan Taman Seri Sinar,education,3.18827,101.654
17,Pintar College,education,3.2146369999999997,101.635976
18,Sekolah Jenis Kebangsaan (Cina) Kepong 1,education,3.214727,101.634847
19,Sma Kuala Lumpur,education,3.1973700000000003,101.626
20,Sekolah Jenis Kebangsaan (Cina) Kepong 2,education,3.215564,101.634744
21,Sekolah Menengah Kebangsaan Segambut Jaya,education,3.18552,101.65299999999999
22,Brainy Bunch -  Segambut (new),education,3.1852185,101.6537584
23,Sekolah Kebangsaan Bandar Baru Sri Damansara,education,3.206248,101.62431600000001
24,Hibiscus International School,education,3.1900275000000002,101.6602254
25,Sekolah Jenis Kebangsaan (Cina) Jinjang Selatan,education,3.204414,101.66471700000001
26,Sekolah Kebangsaan La Salle 1 Jinjang,education,3.213833,101.6618
27,Sekolah Kebangsaan La Salle 2 Jinjang,education,3.213833,101.6618
28,Sekolah Kebangsaan Taman Ehsan,education,3.219831,101.63068100000001
29,Sekolah Kebangsaan Segambut Makmur,education,3.1811,101.65700000000001
30,Lycee Francais de Kuala Lumpur (LFKL),education,3.1790657,101.653807
31,Sekolah Menengah Kebangsaan Raja Abdullah,education,3.20253,101.667
32,Sekolah Jenis Kebangsaan (Cina) Desa Jaya,education,3.216628,101.625497
33,Sekolah Jenis Kebangsaan (Cina) Jinjang Tengah 1,education,3.215125,101.66318000000001
34,Sekolah Menengah Kebangsaan Jinjang,education,3.22255,101.655
35,Sekolah Jenis Kebangsaan (Cina) Jinjang Tengah 2,education,3.2161,101.663088
36,Sekolah Menengah Kebangsaan Kepong,education,3.225578,101.63539200000001
37,Montessori Kids Academy,education,3.195385,101.616422
38,Parkcity Medical Centre,healthcare,3.1894857000000005,101.63829009999999
39,Klinik Pakar Wanita Kepong Dan Pusat Bersalin,healthcare,3.2131060000000002,101.64611020000001
40,Klinik Kesihatan Jinjang ,healthcare,3.219822,101.654214
41,Kepong,transportation,3.2025,101.63722220000001
42,Kepong Baru,transportation,3.211774,101.647816
43,Metro Prima,transportation,3.2145669999999997,101.64065699999999
44,United Point,transportation,3.1916919999999998,101.655263
45,Jinjang,transportation,3.209457,101.65561600000001
46,Kepong Sentral,transportation,3.2079459999999997,101.628578
47,Kepong Sentral,transportation,3.2086111,101.6280556
48,Sri Damansara East,transportation,3.198734,101.621178
49,Sri Delima,transportation,3.207584,101.665178
50,Segambut,transportation,3.1863889,101.6638889
51,Sekolah Menengah Kebangsaan Bandar Tun Razak,education,3.09148,101.72399999999999
52,Sekolah Menengah Integrasi Sains Tahfiz (Smista) Maiwp,education,3.0916189999999997,101.718231
53,Sekolah Kebangsaan Bandar Tun Razak 2,education,3.09157,101.725
54,Sekolah Kebangsaan Bandar Tun Razak 1,education,3.09163,101.725
55,Sekolah Jenis Kebangsaan (Cina) Imbi,education,3.08873,101.730283
56,Sekolah Menengah Kebangsaan Seri Mulia,education,3.093455,101.71395600000001
57,Sekolah Menengah Kebangsaan Seri Mutiara,education,3.0886099999999996,101.73100000000001
58,Sekolah Menengah Kebangsaan Desa Petaling,education,3.081886175,101.71218590000001
59,Sekolah Kebangsaan Taman Midah 2,education,3.09583,101.728
60,Sekolah Kebangsaan Taman Midah,education,3.0954,101.73
61,Sma Majlis Agama Islam Wilayah Persekutuan,education,3.094785,101.711802
62,Sekolah Kebangsaan Desa Petaling,education,3.08338,101.709
63,Sekolah Kebangsaan Bandar Tasik Selatan,education,3.0739799999999997,101.72
64,Sekolah Menengah Kebangsaan Seri Tasik,education,3.097235,101.711554
65,UCSI University Malaysia,education,3.0796189999999997,101.733266
66,Sekolah Kebangsaan Seri Tasik,education,3.096984,101.710667
67,Sekolah Menengah Kebangsaan Bandar Tasik Selatan,education,3.072738357,101.7191987
68,Brainy Bunch - Bandar Sri Permaisuri,education,3.0988797999999997,101.7122545
69,Sekolah Jenis Kebangsaan (Cina) Taman Connaught,education,3.083973,101.735862
70,Sekolah Menengah Kebangsaan Taman Connaught,education,3.08352,101.736
71,Smt Cheras,education,3.10325,101.72200000000001
72,Sekolah Menengah Sains Selangor,education,3.10323,101.72
73,Sekolah Kebangsaan Seri Permaisuri,education,3.104561,101.716918
74,Sekolah Kebangsaan Desa Tasik,education,3.07115,101.713
75,Sekolah Menengah Kebangsaan Orkid Desa,education,3.077156,101.736661
76,Sekolah Menengah Sains Alam Shah,education,3.1056,101.72399999999999
77,Sekolah Jenis Kebangsaan (Cina) Kwong Hon,education,3.0676240000000004,101.716571
78,Sekolah Menengah Kebangsaan Seri Permaisuri,education,3.107298,101.717493
79,Sekolah Kebangsaan Sg Besi,education,3.06717,101.71600000000001
80,Al-Madinah International University,education,3.083603,101.700451
81,Sekolah Jenis Kebangsaan (Tamil) Sg Besi,education,3.06662708,101.71475670000001
82,Sekolah Menengah Kebangsaan Sungai Besi,education,3.0665299999999998,101.715
83,Sekolah Jenis Kebangsaan (Cina) Salak South,education,3.086843,101.699238
84,Sekolah Menengah Kebangsaan Cheras,education,3.10927,101.727
85,COSMOTOTS iqd - Cheras,education,3.0735454,101.7394936
86,A Star Kids - Taman Len Seng,education,3.1015277,101.7403855
87,Sekolah Kebangsaan Taman Segar,education,3.09058,101.745
88,Sekolah Jenis Kebangsaan (Cina) Tai Thung,education,3.106086,101.705617
89,Sekolah Kebangsaan Salak South,education,3.0809083389999996,101.6972446
90,Universiti Pertahanan Nasional Malaysia (Upnm),education,3.0628490000000004,101.715436
91,Sekolah Kebangsaan Pengkalan Tentera Darat,education,3.06232,101.71700000000001
92,Sekolah Kebangsaan Seri Anggerik,education,3.07488,101.745
93,Klinik Kesihatan Bandar Tun Razak ,healthcare,3.087158,101.720489
94,Pusat Pakar Ukm,healthcare,3.09822,101.726
95,Pantai Hospital Cheras,healthcare,3.1025897000000002,101.74069909999999
96,Klinik Kesihatan Sungai Besi,healthcare,3.063225,101.71043900000001
97,Bandar Tun Razak,transportation,3.0896689999999998,101.7125175
98,Bandar Tasik Selatan,transportation,3.0760769,101.7113663
101,Salak Selatan,transportation,3.0980556,101.70527779999999
102,Taman Mutiara,transportation,3.091327,101.74029499999999
103,Taman Midah,transportation,3.104317,101.73214
104,Salak Selatan,transportation,3.1022403,101.70638459999999
105,Taman Naga Emas,transportation,3.07792,101.699439
106,Taman Connaught,transportation,3.079173,101.74514
107,Sungai Besi,transportation,3.064711,101.708523
108,Sungai Besi,transportation,3.064069,101.708371
109,Taman Pertama,transportation,3.11262,101.729256
110,Sekolah Jenis Kebangsaan (Cina) Khai Chee,education,3.18574,101.67
111,Sekolah Menengah Kebangsaan Segambut,education,3.1870700000000003,101.66799999999999
112,Sekolah Kebangsaan Segambut,education,3.1876,101.66799999999999
113,Sekolah Menengah Kebangsaan (P) Jalan Ipoh,education,3.18715,101.681
114,Sekolah Menengah Kebangsaan Kiaramas,education,3.17865,101.663
115,Young Aces Technical College,education,3.1897849999999996,101.67892900000001
116,Sekolah Kebangsaan Kiaramas,education,3.17662,101.663
117,Trinity Kids - Solaris Dutamas,education,3.1708952,101.666093
118,The children's house - Mont Kiara,education,3.1735011,101.6626137
119,Sekolah Jenis Kebangsaan (Cina) Lai Chee,education,3.1908529999999997,101.682198
121,Sekolah Kebangsaan Sri Dhandayuthapani,education,3.17593,101.68799999999999
123,Sekolah Jenis Kebangsaan (Tamil) Thamboosamy Pillai,education,3.179345,101.68916999999999
124,Sekolah Kebangsaan Sentul Utama,education,3.17572,101.69
125,Sekolah Jenis Kebangsaan (Cina) Chi Man,education,3.185308,101.690673
126,Sekolah Menengah Sains Seri Puteri,education,3.17042,101.68799999999999
127,Sekolah Menengah Kebangsaan Raja Ali,education,3.199631,101.674625
128,Sekolah Kebangsaan La Salle (1) Sentul,education,3.1801,101.691742
129,Sekolah Menengah Kebangsaan Sentul Utama,education,3.1756,101.691
130,Sekolah Menengah Kebangsaan Convent Sentul,education,3.18662,101.691
131,Sekolah Menengah Kebangsaan La Salle Sentul,education,3.180112,101.69187600000001
132,Sekolah Jenis Kebangsaan (Tamil) St. Joseph,education,3.186604,101.691351
135,Sekolah Kebangsaan (2) Batu 4 Jalan Ipoh,education,3.20102,101.67399999999999
136,Sekolah Kebangsaan (1) Batu 4 Jalan Ipoh,education,3.20103,101.67399999999999
137,Sekolah Jenis Kebangsaan (Tamil) Sentul,education,3.17908,101.693
138,The children's house - Aman Walk,education,3.1722407,101.65481940000001
139,Sekolah Kebangsaan Sentul 2,education,3.19213,101.69
141,Sekolah Jenis Kebangsaan (Cina) Sentul,education,3.179826,101.693327
144,Sekolah Kebangsaan Sentul 1,education,3.19275,101.69
145,Sekolah Menengah Kebangsaan Maxwell,education,3.171138482,101.69134759999999
146,Sekolah Menengah Kebangsaan (L) Methodist Sentul,education,3.17923,101.694
147,Mont'Kiara International School (MKIS),education,3.1737515,101.65315859999998
148,Sekolah Kebangsaan (L) Methodist Sentul,education,3.1786,101.694
149,Sekolah Kebangsaan Convent Sentul 1,education,3.18527,101.694
150,Sekolah Kebangsaan Kg Batu,education,3.20208,101.677
151,Sekolah Kebangsaan Convent Sentul 2,education,3.1855,101.694
152,AIMST University,education,3.170858,101.69225300000001
153,Wesley Methodist School,education,3.1796,101.6948
154,Wesley Methodist International School Kuala Lumpur,education,3.1795791,101.69482690000001
155,Spectrum International Islamic School (SIIS),education,3.1661286,101.6894473
157,Victoria International College,education,3.203773,101.675325
158,Sekolah Kebangsaan Seri Delima,education,3.2039299999999997,101.67200000000001
159,MFA - Malaysian Flying Academy,education,3.159607,101.664939
160,Sekolah Jenis Kebangsaan (Cina) Sentul Pasar,education,3.1958889999999998,101.691213
161,Sekolah Jenis Kebangsaan (Cina) Mun Choong,education,3.2057,101.67399999999999
163,Sekolah Kebangsaan Bandar Baru Sentul,education,3.1837,101.698
164,Sekolah Menengah Kebangsaan Dato' Ibrahim Yaacob,education,3.206813,101.672779
165,Sekolah Kebangsaan Seri Perak,education,3.1818299999999997,101.699
166,Sekolah Menengah Kebangsaan Bandar Baru Sentul,education,3.18398,101.699
167,ICOM - International College Of Music,education,3.1799150000000003,101.699726
168,Klinik Kesihatan Sentul,healthcare,3.18367,101.69134
169,Lourdes Medical Centre,healthcare,3.1729713999999998,101.6911746
170,Klinik Kesihatan Batu,healthcare,3.200758,101.676703
171,Sentul Medical Centre,healthcare,3.1740535,101.69270159999999
172,Hospital Aman (M) Sdn. Bhd.,healthcare,3.17163,101.6931892
173,Dato' Harnam E.N.T. Specialist Hospital Sdn. Bhd.,healthcare,3.1707400000000003,101.69344009999999
174,Chaudhury Medic Centre,healthcare,3.1757,101.69676
175,Damai Service Hospital (H.Q.) Sdn. Bhd.,healthcare,3.1701662,101.69507779999999
176,Hospital Pakar KPJ Tawakkal (KPJ Tawakkal Specialist Hospital),healthcare,3.1769611,101.6986695
177,KPJ Sentosa KL Specialist Hospital,healthcare,3.1707978999999997,101.6973483
179,Jalan Ipoh,transportation,3.189494,101.680878
180,Sentul West,transportation,3.178682,101.685436
181,Sentul,transportation,3.182625,101.688819
182,Kentonmen,transportation,3.195754,101.67961
183,Batu Kentonmen,transportation,3.1982459999999997,101.681163
185,Sentul,transportation,3.1784675,101.6955325
186,Sentul Timur,transportation,3.1858559,101.6953546
187,Titiwangsa,transportation,3.1735078999999997,101.69531009999999
188,Putra,transportation,3.165363,101.69093199999999
189,Taman Batu,transportation,3.2049291,101.67351359999999
190,Titiwangsa,transportation,3.174771,101.696166
191,Titiwangsa,transportation,3.173192,101.6960217
192,Kampung Batu,transportation,3.2058259999999996,101.67543
193,PWTC,transportation,3.1663354999999997,101.6935757
194,Sekolah Menengah Kebangsaan Taman Tun Dr. Ismail,education,3.14675,101.624
195,Sekolah Kebangsaan Taman Tun Dr Ismail 1,education,3.15332,101.62
196,The children's house - TTDI,education,3.1435703,101.6290248
197,Sekolah Kebangsaan Taman Tun Dr. Ismail (2),education,3.1456,101.631
198,Smart Reader,education,3.1416401,101.626529
199,Mantissa College,education,3.141232,101.628341
200,Sekolah Kebangsaan Damansara Utama,education,3.140003,101.622771
201,Sekolah Menengah Kebangsaan Bandar Utama,education,3.14299,101.61425
202,Sekolah Menengah Kebangsaan Damansara Utama,education,3.136349,101.62550300000001
203,Brainy Bunch  - TTDI Kuala Lumpur,education,3.1372969,101.6306966
204,Sekolah Kebangsaan Bandar Utama Damansara 2,education,3.1410299999999998,101.614246
205,Sekolah Kebangsaan Bandar Utama Damansara (4),education,3.151993,101.61121700000001
206,Sekolah Jenis Kebangsaan (Cina) Puay Chai 2,education,3.146541,101.610986
207,Sekolah Menengah Kebangsaan Bandar Utama Damansara (4),education,3.154266,101.61115699999999
208,UCSI College,education,3.133354,101.624172
209,British Council - The Curve,education,3.158156,101.611419
210,COSMOTOTS iqd - Damansara Utama,education,3.132906,101.623485
211,Sekolah Kebangsaan Sg Penchala,education,3.165438,101.625782
212,Sekolah Menengah Kebangsaan Bandar Utama Damansara (2),education,3.139251,101.61086
213,Sekolah Jenis Kebangsaan (Cina) Chung Hwa Damansara,education,3.130676,101.63124499999999
214,Sekolah Menengah Kebangsaan Damansara Jaya,education,3.131193,101.61608299999999
215,Sekolah Menengah Kebangsaan Bandar Utama Damansara 3,education,3.1400639999999997,101.606583
216,First City University College,education,3.1380529999999998,101.60706400000001
217,Joykids International Preschool,education,3.151447,101.6028798
218,British International School Kuala Lumpur,education,3.1362464,101.6068523
219,Sekolah Menengah Kebangsaan Seri Hartamas,education,3.15748,101.647
220,Sekolah Kebangsaan Bandar Utama Damansara,education,3.131949,101.608122
221,Integrated Islamic School Kota Damansara,education,3.1525477000000004,101.6004628
222,Garden International School Early Years Centre,education,3.158849,101.64733299999999
223,Ecole De Patisserie,education,3.165037,101.6058
224,Sekolah Kebangsaan Taman Sea,education,3.124168,101.626063
225,Sekolah Jenis Kebangsaan (Tamil) Ldg Effingham,education,3.132672,101.603873
226,Trinity Kids - Mont Kiara,education,3.1674535,101.644195
227,Sekolah Kebangsaan Damansara Jaya (2),education,3.123527,101.616475
228,Pusat Pakar Ortopedik Quill Orthopedic Specialist Centre,healthcare,3.1525534,101.6203102
229,Hospital Pakar Damansara (Damansara Specialist Hospital),healthcare,3.1373783,101.62754190000001
230,Klinik Desa Damansara,healthcare,3.1289,101.63158
231,Bandar Utama,transportation,3.1466540000000003,101.618652
232,Bandar Utama,transportation,3.144215,101.6193308
233,Taman Tun Dr Ismail (Ttdi),transportation,3.135971,101.630782
234,Kayu Ara @ Damansara Utama,transportation,3.135215,101.616997
235,Mutiara Damansara,transportation,3.155134,101.60884899999999
236,Bu11 @ Tropicana,transportation,3.133365,101.606185
237,Phileo Damansara,transportation,3.12915,101.64285799999999
266,Sekolah Kebangsaan Bandar Sri Damansara 3,education,3.187781,101.616104
268,Brainy Bunch  - Sri Damansara,education,3.187011,101.615323
271,Trinity Kids - Summer Suites KL,education,3.167454,101.646384
272,Garden International School,education,3.16799,101.648877
275,Global Doctors Centre,healthcare,3.1683383,101.6488143
285,KTAC - Cybernetics International College of Technology,education,3.1307009999999997,101.73423100000001
286,YPC International College,education,3.129464,101.734576
287,Kolej Universiti Poly-Tech MARA (KUPTM),education,3.128428,101.738362
288,Sekolah Menengah Kebangsaan Pandan Jaya,education,3.13656,101.737886
289,Taylor's International School,education,3.1373,101.7314
291,Sekolah Kebangsaan St. Gabriel,education,3.1361,101.73
292,Sekolah Menengah Kebangsaan St. Gabriel,education,3.135732421,101.7294637
293,Sekolah Kebangsaan Pandan Jaya,education,3.137911,101.738342
294,Sekolah Kebangsaan Cochrane,education,3.13055,101.728
295,Sekolah Jenis Kebangsaan (Cina) Tsun Jin,education,3.137284,101.730255
296,Sekolah Kebangsaan Puteri Pandan 1,education,3.1367,101.729
297,Sekolah Kebangsaan Puteri Pandan 2,education,3.1363540000000003,101.728613
298,Sekolah Kebangsaan Cochrane Perkasa,education,3.13397,101.727
299,Sekolah Menengah Kebangsaan Cochrane,education,3.13108,101.726
300,Sekolah Kebangsaan Yaacob Latif 2,education,3.1276,101.726833
301,Sekolah Kebangsaan Yaacob Latif 1,education,3.1276,101.726833
302,Sekolah Menengah Kebangsaan Datok Lokman,education,3.13942,101.729
303,Sekolah Menengah Kebangsaan Yaacob Latif,education,3.128,101.726
304,Sekolah Kebangsaan Seri Bintang Utara,education,3.12167,101.735162
305,Sekolah Menengah Kebangsaan Taman Maluri,education,3.14085,101.73
306,Sekolah Menengah Kebangsaan Cochrane Perkasa,education,3.134798,101.724891
307,Sekolah Jenis Kebangsaan (Tamil) Kg Pandan,education,3.14227,101.73700000000001
308,Sekolah Menengah Kebangsaan Aminuddin Baki,education,3.14012,101.728
309,WOU - Wawasan Open University,education,3.122304,101.7298773
310,Sekolah Menengah Kebangsaan Seri Bintang Utara,education,3.121022,101.734586
311,Sekolah Kebangsaan Taman Maluri,education,3.1422,101.729
312,Sekolah Kebangsaan Tun Hussein Onn,education,3.1432700000000002,101.73899999999999
313,Sekolah Kebangsaan Cheras Indah,education,3.125906,101.746178
314,Sekolah Menengah Kebangsaan Seri Bintang Selatan,education,3.11895,101.735
315,Sekolah Kebangsaan Seri Bintang Selatan,education,3.1183419999999997,101.734879
316,Sekolah Jenis Kebangsaan (Tamil) Cheras,education,3.12698,101.72200000000001
317,Sekolah Menengah Kebangsaan Convent Jalan Peel,education,3.1313299999999997,101.721
318,Sekolah Kebangsaan Convent Jln Peel,education,3.13153,101.72
319,Sekolah Kebangsaan Pendidikan Khas Jln Peel,education,3.1309299999999998,101.72
320,Sekolah Kebangsaan Jalan Peel,education,3.13058,101.72
321,Brainy Bunch -  Desa Pandan,education,3.1469,101.738
322,Brainy Bunch -  Pandan Indah,education,3.128703,101.751308
323,Sekolah Jenis Kebangsaan (Cina) Naam Kheung,education,3.118618,101.724609
324,Sekolah Menengah Kebangsaan Miharja,education,3.1214720000000002,101.72166899999999
325,Sekolah Kebangsaan Jalan Pasar 1,education,3.1368,101.71799999999999
326,Sekolah Kebangsaan Desa Pandan,education,3.14973,101.738
327,Sekolah Kebangsaan Pandan Indah,education,3.1255509999999997,101.75196899999999
328,TMC College,education,3.124114,101.718625
329,Sekolah Kebangsaan Seri Cheras,education,3.11503,101.728
330,Sekolah Menengah Kebangsaan Puterijaya,education,3.13597,101.71700000000001
331,Sekolah Kebangsaan Pandan Perdana,education,3.114973,101.743601
332,Sekolah Menengah Kebangsaan Pandan Indah,education,3.12282,101.752183
333,Sekolah Menengah Kebangsaan (P) Pudu,education,3.131774,101.714903
334,Sekolah Kebangsaan Taman Nirwana,education,3.143081,101.751851
335,Sekolah Jenis Kebangsaan (Cina) Chin Woo,education,3.136857,101.715086
336,HELP CAT - HELP College of Arts and Technology,education,3.128314,101.714417
337,Sekolah Jenis Kebangsaan (Cina) Kung Min,education,3.1364349999999996,101.714125
338,Sekolah Kebangsaan (P) Pudu 1,education,3.1311,101.713
339,Sekolah Kebangsaan Dato Abu Bakar,education,3.1404549999999998,101.714303
340,Sekolah Jenis Kebangsaan (Cina) Chong Fah Phit Chee,education,3.1387,101.713382
341,The International School of Kuala Lumpur (ISKL),education,3.154265,101.739499
342,Sekolah Menengah Kebangsaan (P) Bandaraya,education,3.140675,101.713824
343,Sekolah Kebangsaan Taman Muda,education,3.120505,101.7561
345,TreeTop House,education,3.1544849999999998,101.725026
346,The children's house - U-Thant,education,3.1534791,101.722923
347,EtonHouse International School Kuala Lumpur,education,3.1527,101.7216
348,Sekolah Menengah Kebangsaan Dato' Onn,education,3.13377,101.71
349,Sekolah Kebangsaan Kg Cheras Baharu,education,3.111171,101.74976
350,Sekolah Jenis Kebangsaan (Cina) Chung Kwo,education,3.132858,101.709187
351,YTL International College of Hotel Management,education,3.147193,101.713901
352,Sekolah Jenis Kebangsaan (Tamil) Jln San Peng,education,3.13388,101.709
353,The children's house - Ampang,education,3.1583914,101.73086590000001
354,Klinik Kesihatan Cheras ,healthcare,3.122382,101.730201
355,Tags Specialist Center,healthcare,3.1223202000000003,101.7292372
356,Klinik Kesihatan Kampung Pandan,healthcare,3.144239,101.732539
357,Pantai Hospital Ampang,healthcare,3.1279169999999996,101.75234
358,Beverly Wilshire Medical Centre,healthcare,3.145724,101.721688
359,Cheras Specialist Maternity Centre,healthcare,3.11293,101.7295898
360,Pusat Perubatan Prince Court,healthcare,3.148735,101.72198940000001
361,Pudu Specialists Centre Sdn. Bhd.,healthcare,3.1395436,101.7106694
362,Pandan Jaya,transportation,3.1304492,101.7382688
363,Cheras,transportation,3.123772,101.7283342
364,Maluri,transportation,3.123772,101.7283342
365,Aeon Maluri,transportation,3.124404,101.727188
366,Pandan Indah,transportation,3.1347269,101.7467121
367,Cochrane,transportation,3.132294,101.722939
368,Chan Sow Lin,transportation,3.1289119999999997,101.716437
369,Tun Razak Exchange (Trx),transportation,3.142988,101.719738
370,Cempaka,transportation,3.1384783,101.75305290000001
371,Tun Razak Exchange,transportation,3.143569,101.719711
372,Chan Sow Lin,transportation,3.1281047,101.7156366
374,Miharja,transportation,3.1209905,101.7178829
375,Pudu,transportation,3.1348902,101.7119668
376,Cahaya,transportation,3.1405898,101.7566128
377,Conlay,transportation,3.149649,101.718889
381,Brainy Bunch  - Sri Hartamas,education,3.1605,101.6504
383,Sekolah Kebangsaan Seri Hartamas,education,3.16077,101.654
387,Sekolah Kebangsaan Bkt Damansara,education,3.15677,101.656
390,Cempaka International School - Damansara Heights Campus,education,3.1517157000000005,101.65698090000001
395,The children's house - Bruas,education,3.1508163,101.6593989
396,The children's house - Batai,education,3.1507322,101.6592786
398,Eaton School House,education,3.1501639,101.66203359999999
401,Hi-5 House of Learning,education,3.1502991000000002,101.6647551
402,Sekolah Stella Maris - Medan Damansara,education,3.1437672,101.6562058
410,HELP University,education,3.152199,101.67129200000001
414,KLSMC Hospital,healthcare,3.152311,101.665472
416,Manulife Semantan,transportation,3.1509419999999997,101.665245
418,Pavillion Damansara Heights Pusat Bandar Damansara,transportation,3.143259,101.6623
420,Sekolah Menengah Kebangsaan Bukit Bandaraya,education,3.14282,101.67200000000001
421,Sekolah Kebangsaan Bukit Bandaraya,education,3.1376,101.671
425,Safari Kid,education,3.1348015,101.65910190000001
428,Brainy Bunch - Bangsar,education,3.1310801,101.665882
429,The children's house - Bangsar,education,3.1310000000000002,101.6678
432,Sekolah Kebangsaan Bukit Pantai,education,3.1284799999999997,101.666
433,Sekolah Menengah Kebangsaan Bangsar,education,3.132561,101.676511
436,Sekolah Jenis Kebangsaan (Tamil) Jalan Bangsar,education,3.128774,101.67873399999999
438,Brainy Bunch - KL Sentral (new),education,3.1338793999999996,101.68479959999999
439,Universiti Teknologi Malaysia (Utm) Kl Campus,education,3.1390029999999998,101.686854
443,Sekolah Kebangsaan La Salle (1) Brickfields,education,3.1273779999999998,101.684016
444,Global Indian International School (GIIS),education,3.1279,101.68482
445,Sekolah Menengah Kebangsaan Vivekananda,education,3.12968,101.686
446,Sekolah Jenis Kebangsaan (Cina) St. Teresa Brickfields,education,3.127669,101.684754
447,Sekolah Menengah Kebangsaan La Salle Brickfields,education,3.12767,101.685
448,PIDC - Penang International Dental College,education,3.127789,101.643403
449,Sekolah Jenis Kebangsaan (Tamil) Vivekananda,education,3.13063,101.68700000000001
450,Brickfields Asia College (BAC) Kuala Lumpur,education,3.133554,101.688714
451,Havil International School,education,3.1284,101.6863
452,Sekolah Kebangsaan St. Teresa Brickfields 1,education,3.1267419999999997,101.685199
453,Sekolah Kebangsaan Bangsar,education,3.11627,101.67
454,Meritus University,education,3.118572,101.676691
455,Sekolah Kebangsaan Brickfields 1,education,3.130492,101.68828
456,Sekolah Kebangsaan Brickfields 2,education,3.130909,101.688732
457,Sri Dasmesh International School,education,3.115598,101.669411
459,Pantai Hospital Kuala Lumpur,healthcare,3.1196951,101.66656970000001
462,Bangsar,transportation,3.12748,101.679034
463,KL Sentral,transportation,3.1341667,101.68611109999999
465,KL Sentral,transportation,3.13442,101.68625
466,Muzium Negara (Kl Sentral),transportation,3.1372430000000002,101.68710300000001
467,Eco City,transportation,3.119946,101.674018
468,Abdullah Hukum,transportation,3.118749,101.67294229999999
470,KL Sentral,transportation,3.1326072999999997,101.6878388
471,Kerinchi,transportation,3.1154557,101.66854040000001
494,IUCTT - International University College of Technology Twintech,education,3.2010509999999996,101.612749
498,Sekolah Sri Bestari,education,3.19437,101.6101199
499,Sekolah Menengah Kebangsaan Taman Ehsan,education,3.222395,101.623458
500,Sekolah Kebangsaan Desa Amanpuri,education,3.217223,101.614163
501,Sri Bestari International School,education,3.190963,101.6094795
503,Sekolah Kebangsaan Bandar Baru Sri Damansara 2,education,3.196095,101.607499
516,Sri Damansara West,transportation,3.1985959999999998,101.60824699999999
519,Sekolah Jenis Kebangsaan (Cina) Yoke Nam,education,3.074306,101.67567700000001
520,Sekolah Kebangsaan Seri Indah,education,3.06725,101.675
521,Sekolah Kebangsaan Seri Mega,education,3.07728,101.671
522,Sekolah Kebangsaan Seri Saujana,education,3.068956412,101.6835191
523,Sekolah Menengah Kebangsaan Seri Saujana,education,3.0679936110000003,101.6840713
524,Sekolah Jenis Kebangsaan (Cina) La Salle,education,3.075479,101.68823
525,Sekolah Menengah Kebangsaan Taman Yarl,education,3.06747,101.667
526,Sekolah Menengah Kebangsaan Bandar Baru Seri Petaling,education,3.06615,101.68799999999999
527,Sekolah Kebangsaan Bandar Baru Seri Petaling 2,education,3.0664439999999997,101.689306
528,Sekolah Menengah Kebangsaan Dharma,education,3.0752666669999997,101.66265
529,The Montessori Place - Esplanad Residence,education,3.0592572999999996,101.6739878
530,Sekolah Kebangsaan Seri Suria,education,3.0709,101.662
531,Sekolah Rendah Sathya Sai,education,3.0756759999999996,101.66192149999999
532,Sekolah Jenis Kebangsaan (Tamil) Ladang Bukit Jalil,education,3.063109,101.665338
533,IMU - International Medical University,education,3.060029,101.687116
534,Sekolah Jenis Kebangsaan (Tamil) Saraswathy,education,3.0835939999999997,101.663381
535,Sekolah Jenis Kebangsaan (Cina) Lai Meng,education,3.05796,101.669026
536,Sekolah Menengah Kebangsaan Petaling,education,3.0806560000000003,101.660198
537,Sekolah Kebangsaan Petaling 2,education,3.0794740000000003,101.659277
538,Sekolah Kebangsaan Petaling 1,education,3.079496,101.659176
539,Sekolah Jenis Kebangsaan (Cina) Choong Wen,education,3.09321,101.676
540,Sekolah Menengah Kebangsaan Seri Sentosa,education,3.0930299999999997,101.682
541,Sekolah Kebangsaan Seri Setia,education,3.0928828999999998,101.683978
542,Sekolah Kebangsaan Bandar Baru Seri Petaling,education,3.0675830000000004,101.697456
544,The Montessori Place - Calvary Convention Centre,education,3.0501237,101.6807575
545,Sekolah Menengah Kebangsaan (P) Tmn Petaling,education,3.088812,101.65838199999999
546,Sekolah Menengah Kebangsaan Bukit Jalil,education,3.0507400000000002,101.686
547,Sekolah Jenis Kebangsaan (Cina) Yuk Chyun,education,3.077795,101.65284100000001
548,Sekolah Kebangsaan Bukit Jalil,education,3.0502,101.68700000000001
549,FTMS College,education,3.0541419999999997,101.693735
552,Klinik Kesihatan Petaling Bahagia ,healthcare,3.079358,101.665244
553,Taman Desa Medical Centre,healthcare,3.0960669999999997,101.677812
554,Awan Besar,transportation,3.062046,101.670441
555,Sri Petaling,transportation,3.0614527999999996,101.6870946
556,Petaling,transportation,3.0858333,101.6638889
557,Muhibbah,transportation,3.061927,101.662684
558,Bukit Jalil,transportation,3.0580220000000002,101.6921525
559,Jalan Templer,transportation,3.0833333,101.65638890000001
561,Pantai Dalam,transportation,3.095556,101.670001
562,Kuchai Lama,transportation,3.089718,101.69404499999999
584,Sekolah Jenis Kebangsaan (Cina) Chiao Nan,education,3.17889,101.7
591,Sekolah Jenis Kebangsaan (Cina) Chong Hwa,education,3.184815,101.701245
592,Universiti Islam Antarabangsa Malaysia (Uiam),education,3.183209,101.702321
593,Sekolah Kebangsaan Jalan Kuantan 2,education,3.17693,101.70200000000001
595,Sekolah Kebangsaan Jalan Kuantan 1,education,3.176803837,101.70244100000001
599,Sekolah Kebangsaan Setapak,education,3.18647,101.705
600,Sekolah Bimbingan Jalinan Kasih,education,3.166811,101.700233
601,Sekolah Menengah Kebangsaan Seri Titiwangsa,education,3.173957,101.70662800000001
602,Sekolah Menengah Kebangsaan Puteri Titiwangsa,education,3.17373,101.70700000000001
603,UniKL - Universiti Kuala Lumpur,education,3.164882,101.701371
604,President's College,education,3.162137,101.695554
606,International University of Malaya-Wales (IUMW),education,3.1603939999999997,101.691313
607,Sekolah Jenis Kebangsaan (Cina) Chung Kwok,education,3.160577,101.693495
608,Sekolah Kebangsaan Jalan Raja Muda,education,3.16827,101.70700000000001
609,OUM - Open University Malaysia,education,3.1601310000000002,101.69098699999999
610,Sekolah Kebangsaan (L) Jalan Batu,education,3.16063,101.695
611,Sekolah Jenis Kebangsaan (Tamil) Fletcher,education,3.172214,101.709626
612,Sekolah Kebangsaan Pendidikan Khas Jln Batu,education,3.16038,101.695
613,Sekolah Kebangsaan (P) Jalan Batu,education,3.160247,101.695624
614,Sekolah Kebangsaan Kampung Bharu,education,3.16288,101.70200000000001
615,Sekolah Menengah Kebangsaan Puteri Wilayah,education,3.161924,101.700685
616,Sekolah Jenis Kebangsaan (Tamil) Appar,education,3.15941,101.694
617,Sekolah Kebangsaan Pendidikan Khas Kg Baharu,education,3.162038,101.702413
618,KLMUC - Kuala Lumpur Metropolitan University College,education,3.159008,101.695143
619,Kuala Lumpur Metropolitan University College (KLMUC),education,3.1589560000000003,101.695194
621,Sekolah Menengah Kebangsaan Chong Hwa,education,3.199321,101.704957
623,Sekolah Jenis Kebangsaan (Cina) Mun Yee,education,3.196399,101.708431
625,Brainy Bunch - Taman Pelangi Gombak,education,3.205825,101.69036700000001
629,Sekolah Kebangsaan Jalan Air Panas,education,3.18967,101.715
630,Sekolah Menengah Kebangsaan Tinggi Setapak,education,3.186312272,101.71632259999998
642,Hospital Kuala Lumpur,healthcare,3.171983,101.69981800000001
643,Al-Islam Specialist Hospital,healthcare,3.1635649,101.7032048
644,Hospital Pusrawi Sdn. Bhd.,healthcare,3.1713829,101.71010390000001
645,Institut Jantung Negara,healthcare,3.170488,101.70989
647,Klinik Sarmukh Dan Pusat Bersalin,healthcare,3.1939900000000003,101.71135009999999
656,Hospital Kuala Lumpur,transportation,3.1736880000000003,101.703354
659,Chow Kit,transportation,3.1673575,101.69837890000001
662,Sultan Ismail,transportation,3.1612532000000004,101.6941093
663,Medan Tuanku,transportation,3.1591989,101.6989126
664,Kampung Baru North,transportation,3.1681779999999997,101.710704
665,Kampung Baru,transportation,3.1613787999999996,101.706696
666,Bandaraya,transportation,3.1555582,101.6944651
667,Bank Negara,transportation,3.1547222,101.6930556
680,Sekolah Kebangsaan (P) Methodist (1) Brickfields,education,3.131566,101.68925899999999
682,Sekolah Menengah Kebangsaan (P) Methodist,education,3.13148,101.69
683,Methodist College Kuala Lumpur (MCKL),education,3.131332,101.690092
688,Al Noor International School (AIS-KL),education,3.129341,101.69759300000001
689,Sekolah Jenis Kebangsaan (Cina) Kuen Cheng 2,education,3.11813,101.693851
690,Sekolah Kebangsaan Jalan Bellamy,education,3.12867469,101.6995995
691,Sekolah Jenis Kebangsaan (Cina) Kuen Cheng 1,education,3.133686,101.699389
692,Alice Smith School - Primary Campus,education,3.1282,101.7005
693,AeU - Asia e University,education,3.139722,101.696
696,Vital Years,education,3.1107869999999997,101.68521199999999
698,Advance Tertiary College (ATC) Penang,education,3.141418,101.69823199999999
700,Advance Tertiary College (ATC) Kuala Lumpur,education,3.14145,101.698275
704,Victoria Institution,education,3.13955,101.70299999999999
705,Sekolah Kebangsaan Jalan Hang Tuah 2,education,3.137082027,101.7042903
706,Sekolah Kebangsaan Jalan Hang Tuah 1,education,3.137189605,101.7043895
707,Sekolah Menengah Kebangsaan Confucian,education,3.14424,101.69967700000001
708,Sekolah Kebangsaan Taman Desa,education,3.1071,101.69
709,Sekolah Menengah Kebangsaan (L) Methodist,education,3.14347,101.70100000000001
710,Sekolah Kebangsaan Methodist (L) Jln Hang Jebat,education,3.1438,101.70100000000001
711,Sekolah Menengah Kebangsaan Desa Perdana,education,3.10619151,101.6906684
712,Sekolah Jenis Kebangsaan (Cina) Jalan Davidson,education,3.142209,101.703191
713,Sekolah Kebangsaan Danau Perdana,education,3.10626,101.691254
714,Sekolah Jenis Kebangsaan (Cina) Sam Yoke,education,3.126607,101.70801999999999
715,Sekolah Kebangsaan Sultan Hisamuddin Alam Shah,education,3.1513299999999997,101.69200000000001
716,Sekolah Stella Maris - Pudu,education,3.1437,101.7033
717,Vikas International School,education,3.105029,101.678382
720,Sekolah Menengah Kebangsaan Taman Desa,education,3.10282,101.68700000000001
722,Sekolah Menengah Kebangsaan Seri Pantai,education,3.11247,101.664
724,Tung Shin Academy of Nursing,education,3.146219,101.70394300000001
725,Sekolah Kebangsaan St. John 2,education,3.151068,101.698758
726,Iheal Medical Centre Kuala Lumpur,healthcare,3.117012,101.67649200000001
727,Klinik Kesihatan Tanglin,healthcare,3.1449529999999997,101.691319
729,Klinik Kesihatan Pantai ,healthcare,3.1152889999999998,101.668414
730,Tung Shin Hospital,healthcare,3.1465349999999996,101.7039833
736,Tun Sambanthan,transportation,3.1314212,101.69077390000001
738,Mid Valley,transportation,3.1186111,101.6786111
740,Kuala Lumpur,transportation,3.139882,101.693768
742,Seputeh,transportation,3.1133333,101.6811111
743,Pasar Seni,transportation,3.1424391,101.69531009999999
744,Pasar Seni,transportation,3.142209,101.696022
745,Maharajalela,transportation,3.1387428,101.6992684
746,Angkasapuri,transportation,3.1130556,101.6733333
748,Merdeka,transportation,3.142112,101.70184300000001
749,Bandar Malaysia North,transportation,3.116391,101.70331999999999
750,Plaza Rakyat,transportation,3.1439744,101.7015886
751,Bandar Malaysia South,transportation,3.109524,101.698297
752,Masjid Jamek,transportation,3.1492696,101.6963775
754,Hang Tuah,transportation,3.1400118999999997,101.7059843
755,Hang Tuah,transportation,3.1405111,101.7060288
760,Asia Pacific University of Technology & Innovation (APU),education,3.0550759999999997,101.700751
774,Sekolah Sukan Bukit Jalil,education,3.05059,101.695
780,Asia Pacific Institute of Information Technology (APIIT),education,3.0482240000000003,101.69289599999999
785,Kingsgate International School,education,3.043702,101.692533
829,INCEIF - International Centre for Education in Islamic Finance,education,3.119576,101.648201
833,MAHSA Prima International College,education,3.118509,101.648537
857,Universiti,transportation,3.1145661000000002,101.659581
863,BERJAYA University College of Hospitality,education,3.142547,101.7098878
872,Sekolah Jenis Kebangsaan (Cina) Nan Kai,education,3.14684,101.705
900,St. John's International School,education,3.151079,101.700176
901,St. John'S Institution,education,3.1511,101.7
902,Sekolah Kebangsaan Convent (1) Bukit Nanas,education,3.15237,101.70100000000001
903,Sekolah Menengah Kebangsaan Convent Bukit Nanas,education,3.153028,101.701509
905,Sekolah Kebangsaan Convent (2) Bukit Nanas,education,3.15257,101.70100000000001
911,Sekolah Kebangsaan St. John 1,education,3.15137,101.699
920,British Council Malaysia,education,3.159616,101.709085
928,UniRazak - Universiti Tun Abdul Razak,education,3.161441,101.719061
929,Erican College,education,3.162383,101.711999
930,Optopreneur College,education,3.1624659999999998,101.713291
940,Raffles College of Higher Education,education,3.165142,101.72088000000001
946,Sayfol International School Kuala Lumpur,education,3.1601206000000004,101.73034090000002
948,Sekolah Jenis Kebangsaan (Cina) Chung Hwa 'P',education,3.1628830000000003,101.727011
969,Imbi,transportation,3.142779,101.70940920000001
970,Bukit Bintang,transportation,3.1460225,101.7114998
971,Pavillion Bukit Bintang,transportation,3.1461669999999997,101.710564
977,Raja Chulan,transportation,3.1508783,101.7104323
985,KLCC East,transportation,3.1572240000000003,101.71826300000001
986,Bukit Nanas,transportation,3.1562143,101.7048093
988,KLCC,transportation,3.159091,101.713831
992,Dang Wangi,transportation,3.1568574000000003,101.7019369
994,Ampang Park,transportation,3.1604158,101.7186392
995,Ampang Park,transportation,3.161365,101.718181
1005,Damai,transportation,3.1644056000000003,101.72448890000001
1012,Sekolah Kebangsaan Methodist PJ,education,3.110226,101.656153
1014,BCM - Bible College of Malaysia,education,3.105425,101.65365899999999
1015,University Of Malaya (Um),education,3.1119529999999997,101.652263
1016,Sekolah Menengah Kebangsaan Katholik,education,3.107431,101.651843
1017,Sekolah Menengah Kebangsaan La Salle PJ,education,3.10047,101.653624
1019,Sekolah Kebangsaan La Salle PJ,education,3.1005,101.652714
1021,Sekolah Menengah Kebangsaan Assunta,education,3.100148,101.650123
1022,Sekolah Kebangsaan (2) Sultan Alam Shah,education,3.111685,101.64742
1023,Sekolah Kebangsaan Satu Sultan Alam Shah,education,3.111825,101.646986
1024,Highlands International Boarding School (HIBS),education,3.0991,101.6496
1033,Sekolah Menengah Kebangsaan Sultan Abdul Samad,education,3.116947222,101.64398059999999
1034,Saito College,education,3.099095,101.644345
1036,Sekolah Menengah Kebangsaan (L) Bukit Bintang,education,3.1084509999999996,101.640969
1039,Deutsche Schule Kuala Lumpur,education,3.105827,101.640615
1040,Sekolah Kebangsaan Petaling Jaya,education,3.088755,101.65194699999999
1041,Brickfields Asia College (BAC) Petaling Jaya,education,3.107452,101.639939
1042,Sekolah Kebangsaan Sri Petaling,education,3.109209,101.63982299999999
1043,IACT College,education,3.107222,101.639926
1044,QIUP - Quest International University Perak,education,3.101223,101.640847
1048,Sekolah Kebangsaan Assunta (2),education,3.092605,101.645022
1051,Sekolah Kebangsaan Assunta Satu,education,3.092784,101.644583
1054,Sekolah Kebangsaan Jalan Selangor (Satu),education,3.09153,101.645067
1061,Hospital Mata Nasional Tun Hussien Onn (The Tun Hussien Onn National Eye Hospital),healthcare,3.1060407000000003,101.63975450000001
1062,Assunta Hospital,healthcare,3.0933112,101.645285
1071,Taman Jaya,transportation,3.103816,101.64524499999999
1074,Asia Jaya,transportation,3.104113,101.638277
1259,Sekolah Kebangsaan Danau Kota 2,education,3.20228,101.714
1260,Sekolah Menengah Kebangsaan Danau Kota,education,3.2018299999999997,101.714
1261,Brainy Bunch  - Setapak,education,3.2049,101.7215
1262,Sekolah Jenis Kebangsaan (Cina) Wangsa Maju,education,3.198983,101.720233
1263,Sekolah Kebangsaan Danau Kota,education,3.2088799999999997,101.721
1264,Sekolah Jenis Kebangsaan (Cina) Nan Yik 'Lee Rubber',education,3.209447,101.710543
1265,Sekolah Menengah Kebangsaan Pendidikan Khas Setapak,education,3.20505,101.726
1266,Sekolah Sri Utama - Kuala Lumpur Campus,education,3.198727,101.725072
1267,Utama International School - Kuala Lumpur Campus,education,3.198727,101.725072
1268,Kolej Vokasional Ert Setapak,education,3.2051,101.727
1269,Kolej Vokasional Setapak,education,3.20635,101.727
1270,Sekolah Kebangsaan Marian Convent Setapak,education,3.1926,101.71799999999999
1272,Sekolah Kebangsaan Setapak Indah,education,3.21563,101.72
1273,Sekolah Menengah Kebangsaan (P) Air Panas,education,3.19108,101.71600000000001
1275,Sekolah Kebangsaan (2) Gombak,education,3.21552873,101.7117949
1276,Sekolah Kebangsaan (1) Gombak,education,3.215656682,101.71108290000001
1277,Sekolah Menengah Kebangsaan Setapak Indah,education,3.2168200000000002,101.721
1278,Sekolah Menengah Kebangsaan Zon R1 Wangsa Maju,education,3.2004200000000003,101.73100000000001
1280,Sekolah Kebangsaan Desa Setapak,education,3.209232,101.730595
1281,Sekolah Kebangsaan Wangsa Maju Seksyen 1,education,3.20133,101.73200000000001
1282,Sekolah Kebangsaan Gombak Setia,education,3.218685,101.715563
1283,Sekolah Kebangsaan Taman Seri Rampai,education,3.1987799999999997,101.73299999999999
1284,Sekolah Menengah Kebangsaan Gombak Setia,education,3.220400021,101.7151139
1285,TAR UC - Tunku Abdul Rahman University College Pahang Faculty Branch,education,3.216236,101.72867099999999
1286,Sekolah Kebangsaan Seri Bonus,education,3.187222,101.722211
1287,TAR UC - Tunku Abdul Rahman University College Kuala Lumpur Campus,education,3.216418,101.728725
1288,TAR UC - Tunku Abdul Rahman University College Johor Branch Campus,education,3.216343,101.728897
1289,Sekolah Kebangsaan Wangsa Maju Seksyen 2,education,3.20807,101.734
1291,Sekolah Menengah Kebangsaan Wangsa Maju Seksyen 2,education,3.20802,101.735
1292,VTAR Institute,education,3.21536,101.73188
1293,Sekolah Menengah Kebangsaan Taman Seri Rampai,education,3.19192,101.73200000000001
1294,Sekolah Kebangsaan Taman Melati,education,3.22072,101.729
1295,Sekolah Kebangsaan Taman Setia,education,3.224443,101.719163
1297,Sekolah Menengah Kebangsaan Taman Melati,education,3.22257,101.728
1298,Sekolah Kebangsaan Wangsa Jaya,education,3.20558,101.74
1299,Sekolah Kebangsaan Padang Tembak 2,education,3.180819,101.722794
1300,Sekolah Kebangsaan Padang Tembak 1,education,3.180819,101.722794
1301,Sekolah Kebangsaan Polis Depot,education,3.18015,101.72200000000001
1302,Sekolah Menengah Kebangsaan Padang Tembak,education,3.18024,101.723791
1303,Sekolah Kebangsaan Kementah,education,3.18133,101.727
1304,Sekolah Kebangsaan Wangsa Melawati,education,3.21492,101.73899999999999
1306,Dasien Academy of Art,education,3.1968349999999996,101.741061
1308,Sekolah Kebangsaan Wangsa Maju Zon R10,education,3.1910489610000004,101.7394532
1309,Sekolah Menengah Kebangsaan Wangsa Melawati,education,3.2137,101.741
1310,Sekolah Menengah Kebangsaan Desa Tun Hussein Onn,education,3.18455,101.735
1311,Sekolah Kebangsaan Klang Gate,education,3.216048,101.74040699999999
1312,Sekolah Kebangsaan Desa Tun Hussein Onn,education,3.183797,101.73519300000001
1315,Columbia Hospital,healthcare,3.200967,101.718467
1316,Klinik Kesihatan Setapak,healthcare,3.197178,101.720417
1318,Tunku Azizah Women And Children'S Hospital,healthcare,3.1963353,101.7277818
1319,Wangsa Maju,transportation,3.2057142999999995,101.73178490000001
1320,Taman Melati,transportation,3.219409,101.721727
1321,Sri Rampai,transportation,3.1990694,101.7373462
1326,Sekolah Kebangsaan Taman Melawati,education,3.2250959999999997,101.746941
1328,Brainy Bunch - Taman Melawati,education,3.2136400000000003,101.74700899999999
1333,Sekolah Jenis Kebangsaan (Tamil) Taman Melawati,education,3.216669,101.750015
1334,Malaysian Institute of Art (MIA),education,3.2105360000000003,101.746351
1335,Sekolah Menengah Kebangsaan Taman Melawati,education,3.21532,101.750863
1340,Sekolah Kebangsaan Taman Melawati 2,education,3.212503,101.752493
1341,Sekolah Kebangsaan Taman Permata,education,3.2057580000000003,101.747488
1351,Brainy Bunch  - Wangsa Maju,education,3.198889,101.74492099999999
1356,Sekolah Menengah Kebangsaan Seksyen 5 Wangsa Maju,education,3.1978,101.74700000000001
1360,Sekolah Kebangsaan Lembah Keramat,education,3.20204,101.75771800000001
1361,Pusat Perubatan Naluri Sdn. Bhd.,healthcare,3.2013303,101.7442079
1365,Gombak,transportation,3.230946,101.724294
1428,Sekolah Jenis Kebangsaan (Cina) Desa Jaya 2,education,3.185571,101.60548299999999
1429,Sekolah Kebangsaan Bandar Sri Damansara 1,education,3.1919470000000003,101.605271
1431,Sekolah Menengah Kebangsaan Bandar Sri Damansara 1,education,3.185075,101.604199
1432,Sekolah Menengah Kebangsaan Bandar Sri Damansara 2,education,3.191392,101.603882
1463,Sekolah Jenis Kebangsaan (Cina) Confucian,education,3.1098060000000003,101.70411700000001
1468,Sekolah Kebangsaan Jalan Sungai Besi 2,education,3.11023,101.705
1469,Sekolah Kebangsaan Jalan Sungei Besi 1,education,3.1104,101.705
1498,Sekolah Kebangsaan Tiara Permai,education,3.2108,101.678
1499,Sekolah Jenis Kebangsaan (Cina) Jinjang Utara,education,3.222636,101.660383
1502,Sekolah Kebangsaan Kg Selayang,education,3.231816457,101.6665886
1503,Sekolah Jenis Kebangsaan (Cina) Kheow Bin,education,3.2328759999999996,101.673989
1504,Sekolah Kebangsaan Batu Muda,education,3.2126200000000003,101.684
1511,Sekolah Kebangsaan Seri Murni,education,3.235444696,101.6643768
1515,Sekolah Menengah Kebangsaan Batu Muda,education,3.2108,101.689
1516,Unikop College,education,3.220988,101.691224
1517,Sekolah Jenis Kebangsaan (Tamil) Batu Caves,education,3.236693,101.681689
1518,Sekolah Kebangsaan Seri Nilam,education,3.2168799999999997,101.69200000000001
1519,Sekolah Kebangsaan (1) Taman Selayang,education,3.240636,101.672831
1520,Sekolah Kebangsaan Taman Koperasi Polis,education,3.22052,101.693
1521,Sekolah Kebangsaan (2) Taman Selayang,education,3.241291,101.672691
1524,Sekolah Menengah Kebangsaan Seri Selayang,education,3.2423,101.672759
1525,Sekolah Menengah Kebangsaan Taman Selayang,education,3.243364,101.673435
1526,Sekolah Menengah Kebangsaan St. Mary,education,3.23043,101.649
1528,Sekolah Kebangsaan Taman Samudra,education,3.2334259999999997,101.693115
1529,Sekolah Kebangsaan St. Mary,education,3.230078,101.646831
1530,Sekolah Kebangsaan Taman Selasih,education,3.231113,101.69499300000001
1534,Taman Wahyu,transportation,3.214428,101.67225
1539,Batu Caves,transportation,3.237726,101.681366
1550,Sekolah Kebangsaan Intan Baiduri,education,3.229731122,101.6460846
1554,Sekolah Kebangsaan Kepong,education,3.230748,101.635006
1561,Brainy Bunch - Selayang Baru,education,3.234437,101.641249
1567,Sekolah Kebangsaan Selayang Utama,education,3.236675,101.641142
1569,Sekolah Kebangsaan Selayang Jaya,education,3.237641,101.648749
1581,Pusat Perubatan Wanita Pristine Pristine Women Medical Centre,healthcare,3.2388833999999997,101.6500428
1582,Hospital Selayang,healthcare,3.2430529999999997,101.647198
1697,Sri Sempurna International School,education,3.099239,101.74593
1735,Klinik Kesihatan Cheras Baru ,healthcare,3.10626,101.74844
1763,Sekolah Jenis Kebangsaan (Tamil) Ldg Kinrara,education,3.056838,101.648923
1769,Brainy Bunch - Bandar Kinrara,education,3.0391220000000003,101.65253
1772,Sekolah Menengah Kebangsaan Seksyen 4 Bandar Kinrara,education,3.045577,101.6469
1773,Sekolah Kebangsaan Seksyen 1 Bandar Kinrara,education,3.054055,101.64360500000001
1781,Alam Sutera,transportation,3.054612,101.656358
1784,Kinrara Bk5,transportation,3.050389,101.64434399999999
2131,Sekolah Menengah Kebangsaan Sungai Pusu,education,3.238336,101.717771
2133,Sekolah Kebangsaan Sungai Pusu,education,3.2369470000000002,101.715548
2138,Sekolah Berasrama Penuh Integrasi Gombak,education,3.243614,101.723049
2139,Sekolah Kebangsaan Gombak Utara,education,3.239002,101.714986
2143,Sekolah Taman Ilmu Dan Budi (SETIABUDI),education,3.2458827,101.72622290000001
2145,Kolej Vokasional Gombak,education,3.246306,101.729716
2148,International Islamic School Malaysia (IIS),education,3.2468,101.7264
2157,Klinik Desa Gombak Utara (Bt.8),healthcare,3.246052,101.722691
2201,Fairview International School - Kuala Lumpur Campus,education,3.1955867000000002,101.75217459999999
2202,Brainy Bunch -  Setiawangsa,education,3.1885,101.7433
2214,Sekolah Menengah Kebangsaan Lembah Keramat,education,3.198059,101.759715
2217,Sekolah Menengah Kebangsaan Taman Setiawangsa,education,3.1841,101.74700000000001
2219,Sekolah Kebangsaan Hulu Kelang,education,3.19917,101.760817
2220,Sekolah Menengah Kebangsaan Seri Keramat,education,3.196588,101.75986999999999
2226,Klinik Desa Hulu Kelang,healthcare,3.201577,101.76219499999999
2439,Sekolah Menengah Kebangsaan Seri Gombak,education,3.23168,101.701666
2448,Baseerah International School,education,3.2430828,101.7100764
2452,Brainy Bunch  - Prima Sri Gombak (new),education,3.2372986,101.7003828
2454,Sekolah Menengah Kebangsaan Hillcrest,education,3.243673,101.707513
2500,Sekolah Kebangsaan (2) Jalan Selangor,education,3.09153,101.644487
2501,CUCST - City University College of Science and Technology,education,3.102804,101.637513
2514,Columbia Hospital Petaling Jaya,healthcare,3.118292,101.637414
2554,Sekolah Kebangsaan (2) Petaling Jaya,education,3.084865,101.64896999999999
2557,Sekolah Kebangsaan (1) Petaling Jaya,education,3.0850720000000003,101.648324
2571,Sekolah Menengah Kebangsaan Keramat Wangsa,education,3.180148,101.75210899999999
2573,Sekolah Kebangsaan Au Keramat,education,3.18843,101.758
2574,Geomatika College International,education,3.179549,101.74315899999999
2576,Sekolah Kebangsaan Setiawangsa,education,3.18032,101.741
2577,Sekolah Stella Maris - Ampang,education,3.1737094,101.7575733
2582,Sekolah Menengah Kebangsaan Taman Keramat,education,3.170559,101.743326
2584,Sekolah Kebangsaan (2) Taman Keramat,education,3.1703490000000003,101.742195
2589,Sekolah Kebangsaan Taman Keramat (1),education,3.169797,101.742115
2591,Sekolah Kebangsaan (1) Kuala Ampang,education,3.1655029999999997,101.748323
2593,Sekolah Menengah Kebangsaan Hulu Kelang,education,3.163362,101.747692
2595,Flamingo International College,education,3.161895,101.750873
2597,Sekolah Kebangsaan (2) Kuala Ampang,education,3.1644519260000004,101.7400296
2598,Mutiara International Grammar School (MIGS),education,3.161425,101.754088
2602,PTPL - Pusat Teknologi & Pengurusan Lanjutan College,education,3.157954,101.752697
2607,Klinik Kesihatan Dato Keramat ,healthcare,3.1667080000000003,101.736419
2608,Hospital Pakar Ampang Puteri (Puteri Specialist Hospital Sdn. Bhd.),healthcare,3.1597487999999996,101.7518003
2609,Gleneagles Kuala Lumpur,healthcare,3.1617012000000004,101.7392264
2611,Setiawangsa,transportation,3.1756,101.7357
2613,Jelatek,transportation,3.1672037,101.7353441
2791,Sekolah Kebangsaan Damansara Jaya (1),education,3.123255,101.616577
2792,Sekolah Kebangsaan Sri Damai,education,3.12167,101.63416
2798,Beaconhouse International School - Sri Inai Campus,education,3.1217169,101.61503909999999
2800,Sekolah Jenis Kebangsaan (Cina) Puay Chai,education,3.116747,101.625574
2801,The children's house - Jaya One,education,3.1178337000000003,101.6346448
2804,Legacy Private School,education,3.1169992000000004,101.6356304
2805,TOC - The Otomotif College,education,3.11453,101.627502
2865,A Star Kids - Damai Impian,education,3.0681882000000003,101.7420359
2868,Sekolah Kebangsaan Taman Cuepacs,education,3.078493,101.75909300000001
2869,Sekolah Kebangsaan Alam Damai,education,3.05865,101.742
2870,Sekolah Menengah Kebangsaan Alam Damai,education,3.0587,101.741
2874,Cempaka International School - Cheras Campus,education,3.0840621,101.76019509999999
2875,Sekolah Sri Cempaka,education,3.0840621,101.76019509999999
2876,Sekolah Menengah Kebangsaan Bandar Tun Hussein Onn 2,education,3.054728,101.755363
2878,Sekolah Kebangsaan Bandar Tun Hussein Onn 2,education,3.052485,101.754269
2879,A Star Kids - Damai Perdana,education,3.053372,101.738385
2880,Sekolah Kebangsaan Batu Sembilan,education,3.06983,101.768654
2881,Sekolah Jenis Kebangsaan (Cina) Batu 9 Cheras,education,3.071671,101.769529
2882,Sekolah Kebangsaan Desa Baiduri,education,3.048106,101.75085200000001
2885,Sekolah Menengah Kebangsaan Perimbun,education,3.061209,101.770347
2886,Sekolah Kebangsaan Taman Puteri,education,3.078116,101.77199300000001
2887,Sekolah Kebangsaan Bandar Tun Hussein Onn,education,3.053283,101.766086
2888,Sekolah Jenis Kebangsaan (Cina) Connaught (2),education,3.046182,101.742082
2889,Brainy Bunch - Bandar Tun Hussein Onn,education,3.0477,101.7595
2890,Sam Hulu Langat,education,3.063728,101.773643
2892,Taman Suntex,transportation,3.071524,101.763405
2894,Sri Raya,transportation,3.061925,101.772995
2914,Sekolah Kebangsaan Desa Aman,education,3.205131,101.595821
2919,UiTM Private Specialist Centre,healthcare,3.2208707999999997,101.59367309999999
2956,Sekolah Menengah Kebangsaan Taman Seraya,education,3.113614,101.761104
2965,Sekolah Kebangsaan Taman Bukit Teratai,education,3.10913,101.76469300000001
3168,Sekolah Menengah Kebangsaan Puteri Ampang,education,3.16248,101.729
3169,Sekolah Menengah Kebangsaan Seri Ampang,education,3.16268,101.73
3183,Sekolah Kebangsaan Datok Keramat 2,education,3.16598,101.73
3185,Sekolah Kebangsaan Datok Keramat 1,education,3.16608,101.73
3186,Brainy Bunch - Ampang Point,education,3.156593,101.750128
3191,Iraqi Private School Malaysia,education,3.1564749,101.7510645
3227,Dato' Keramat,transportation,3.16518,101.7296613
3315,Sekolah Kebangsaan Taman Seri Gombak 2,education,3.2425029999999997,101.698603
3318,Sekolah Kebangsaan Taman Seri Gombak,education,3.243399,101.698259
3592,Sekolah Jenis Kebangsaan (Cina) Chen Moh,education,3.084978,101.643996
3594,Sekolah Jenis Kebangsaan (Cina) Yak Chee,education,3.056043,101.64206300000001
3600,Sekolah Menengah Kebangsaan Taman Medan,education,3.076125,101.63578199999999
3601,Sekolah Kebangsaan Taman Dato Harun (2),education,3.077245666,101.63593909999999
3603,Sekolah Kebangsaan Taman Dato' Harun (Satu),education,3.0776529999999998,101.63597
3827,Sekolah Menengah Kebangsaan Dato' Ahmad Razali,education,3.1570400000000003,101.759312
3828,Sekolah Kebangsaan Ampang,education,3.152714,101.76021300000001
3841,Sekolah Jenis Kebangsaan (Cina) On Pong,education,3.146465,101.761489
3843,Sekolah Jenis Kebangsaan (Tamil) Ampang,education,3.147973,101.76321999999999
3850,Sekolah Jenis Kebangsaan (Cina) Kg Baru Ampang,education,3.1410240000000003,101.763816
3859,Pusat Perubatan Joe (Klinik Wanita Dan Kanak-Kanak),healthcare,3.1473039000000003,101.76551590000001
3864,Ampang,transportation,3.146273,101.76039540000001
4001,SPACE College (Kolej SPACE),education,3.172107,101.721847
4011,Sekolah Kebangsaan Jalan Gurney 1,education,3.16878,101.7168
4012,Sekolah Kebangsaan Jalan Gurney 2,education,3.168613,101.71662099999999
4214,Sekolah Menengah Kebangsaan Taman Dato' Harun,education,3.077819,101.63488000000001
4223,Sekolah Kebangsaan Taman Medan,education,3.078336,101.629993
4228,Sekolah Jenis Kebangsaan (Tamil) Vivekananda,education,3.096696,101.636729
4231,Beacon International Specialist Centre Sdn. Bhd.,healthcare,3.0914610000000002,101.638007
4238,Kampung Dato Harun,transportation,3.083841,101.6312723
4239,Tenby International School - Semenyih,education,2.9215,101.8421
4240,Sekolah Kebangsaan Bandar Rinching,education,2.9264080000000003,101.849056
4241,Sekolah Jenis Kebangsaan (Tamil) Ldg Rinching,education,2.922964,101.859197
4242,Sekolah Kebangsaan Kg Rincing,education,2.915378,101.861901
4243,Brainy Bunch - Taman Pelangi Semenyih,education,2.9352252999999995,101.85922409999999
4244,Sekolah Menengah Kebangsaan Bandar Rinching,education,2.930486,101.865288
4245,Klinik Desa Rincing Tengah,healthcare,2.91505,101.862367
4246,Sekolah Kebangsaan Sijangkang,education,2.941188,101.457187
4247,Sekolah Kebangsaan Kampung Medan,education,2.9298510060000003,101.4743953
4248,Sekolah Menengah Kebangsaan Sijangkang Jaya,education,2.9319990000000002,101.476084
4249,Sekolah Kebangsaan Sijangkang Jaya,education,2.930527,101.475429
4250,Sekolah Kebangsaan Jalan Tanjung,education,2.9240310000000003,101.43722700000001
4251,Klinik Desa Sijangkang Luar,healthcare,2.9513700000000003,101.45965
4252,Klinik Desa Kampung Medan,healthcare,2.932169,101.473825
4253,Klinik Desa Sijangkang Dalam,healthcare,2.9325,101.43472
4254,Sekolah Kebangsaan Jenderam Hilir,education,2.885564,101.722639
4255,Sekolah Kebangsaan Jenderam,education,2.8691470000000003,101.73214399999999
4256,Kolej Vokasional Sepang,education,2.900968,101.726551
4257,Sekolah Kebangsaan Desa Pinggiran Putra,education,2.8995759999999997,101.705659
4258,Klinik Desa Jenderam ,healthcare,2.86868,101.73076
4259,Eaton International School,education,2.9926274,101.752544
4260,Global Modern International School (GMiS),education,2.9854692000000003,101.74761009999999
4261,Tanarata International School,education,2.9829950000000003,101.744545
4262,Sekolah Menengah Kebangsaan Agama Maahad Hamidiah,education,2.9836139999999998,101.752771
4263,Infrastructure University Kuala Lumpur,education,2.9791369999999997,101.739819
4264,Universiti Tenaga Nasional (UNITEN),education,2.97874,101.734847
4265,Sekolah Menengah Kebangsaan Sungai Ramal,education,2.983689,101.760998
4266,Sekolah Menengah Kebangsaan Desa Serdang,education,3.010447438,101.727678
4267,Sekolah Kebangsaan Leftenan Adnan,education,2.986314,101.768069
4268,Sekolah Jenis Kebangsaan (Cina) Sungai Chua,education,2.988573,101.770544
4269,Klinik Desa Sungai Ramal Luar,healthcare,2.99053,101.76719
4270,Sekolah Menengah Kebangsaan Subang Utama,education,3.0686139999999997,101.581937
4271,Sekolah Kebangsaan SS 19 Subang Jaya,education,3.066567648,101.57627480000001
4272,Sekolah Jenis Kebangsaan (Cina) Lick Hung,education,3.0661810000000003,101.57735699999999
4273,REAL Kids,education,3.0754112,101.5747233
4274,Sekolah Menengah Kebangsaan SS 17,education,3.076922,101.582669
4275,Sekolah Kebangsaan Perdana Jaya Ss19,education,3.077891,101.57370300000001
4276,Brainy Bunch - Subang Jaya,education,3.0793,101.5809
4277,Sekolah Kebangsaan Subang Jaya,education,3.069315,101.588143
4278,GEMS International School Tropicana Metropark,education,3.074441,101.567603
4279,Sekolah Kebangsaan USJ 2,education,3.062573,101.586323
4280,Sekolah Menengah Kebangsaan Seafield,education,3.061043,101.585163
4281,Sekolah Menengah Kebangsaan Subang Jaya,education,3.0691919999999997,101.590283
4282,Modern Montessori International,education,3.07628,101.5894051
4283,Sekolah Kebangsaan Sri Subang Jaya,education,3.064725,101.589715
4284,Taylor's College Subang Jaya  (TCSJ),education,3.075864,101.59100500000001
4285,ALFA International College,education,3.0786990000000003,101.589846
4286,Sekolah Kebangsaan Seri Selangor,education,3.05597,101.575827
4287,Sri Kuala Lumpur School (SRIKL),education,3.0751060000000003,101.59259899999999
4288,Sam Bestari,education,3.055227,101.580984
4289,Sekolah Menengah Kebangsaan USJ 4,education,3.054945,101.575702
4290,SEGi University & Colleges Subang Jaya,education,3.0617970000000003,101.59361
4291,IMPERIA Institute of Technology,education,3.061296,101.59351600000001
4292,IMC - International Medical College,education,3.061105,101.59356899999999
4293,Sekolah Kebangsaan Seafield,education,3.055743,101.588553
4294,Sekolah Sri UCSI,education,3.0691921000000004,101.59674659999999
4295,UCSI International School Subang Jaya,education,3.0697,101.5968
4296,Sekolah Jenis Kebangsaan (Tamil) Ladang Ebor,education,3.064007,101.558782
4297,Cilantro Culinary Academy,education,3.058046,101.595178
4298,Monash University Malaysia,education,3.064947,101.60084300000001
4299,Sunway Le Cordon Bleu,education,3.068205,101.60356999999999
4300,Sunway College,education,3.068106,101.603903
4301,Sunway University,education,3.0673169999999996,101.603858
4302,Sunway International School,education,3.0671562999999997,101.6038902
4303,MSU - Management & Science University,education,3.077989,101.552759
4304,Sekolah Menengah Kebangsaan USJ 12,education,3.044247,101.574337
4305,Subang Jaya Medical Centre,healthcare,3.0784119999999997,101.593622
4306,Qhc Medical Centre,healthcare,3.0475838,101.58731590000001
4307,SS 18,transportation,3.064509,101.58612600000001
4308,SS 15,transportation,3.077701,101.586031
4309,Subang Jaya,transportation,3.084715,101.58769699999999
4310,Subang Jaya,transportation,3.085344,101.587575
4311,Batu Tiga,transportation,3.0758919999999996,101.55973900000001
4312,Persiaran Kerjaya @ Perindustrian Glenmarie,transportation,3.082475,101.562762
4313,South Quay,transportation,3.061607,101.596475
4314,USJ 7,transportation,3.055486,101.592055
4315,USJ 7,transportation,3.0546,101.59254399999999
4316,Sunu-Monash,transportation,3.065389,101.60021
4317,Taipan,transportation,3.047358,101.58976899999999
4318,MUST - Malaysia University of Science and Technology,education,3.154529,101.59600400000001
4319,Point College,education,3.154772,101.59047
4320,UNDO Academy,education,3.151869,101.59535100000001
4321,Sekolah Kebangsaan Seksyen 11 Kota Damansara,education,3.160164,101.593681
4324,Sekolah Menengah Kebangsaan Seksyen 4 Kota Damansara,education,3.151698,101.581739
4325,Brainy Bunch - Kota Damansara,education,3.158595,101.581458
4326,St Joseph's Institution International School Malaysia,education,3.1398,101.5951
4328,SEGi University & Colleges Kuala Lumpur,education,3.1488490000000002,101.576923
4330,Sekolah Kebangsaan Seksyen 6 Kota Damansara,education,3.156303,101.575983
4331,Sekolah Kebangsaan Bukit Lanjan,education,3.168533,101.604063
4332,Sekolah Jenis Kebangsaan (Cina) Damansara,education,3.137736561,101.59965109999999
4335,Sekolah Sri KDU - Secondary Campus,education,3.149682,101.57580300000001
4336,Sekolah Sri KDU - Primary Campus,education,3.149682,101.57580300000001
4337,Sri KDU International School,education,3.149676,101.57580300000001
4340,Sekolah Menengah Kebangsaan Seksyen 10 Kota Damansara,education,3.169447,101.579437
4342,SEGi University Kota Damansara,education,3.149378,101.572234
4344,Sekolah Kebangsaan Seksyen 9 Kota Damansara,education,3.174427,101.583021
4346,Sekolah Kebangsaan Seksyen 7 Kota Damansara,education,3.168543,101.574653
4349,Sekolah Kebangsaan Tropicana,education,3.130281,101.598049
4351,Sekolah Menengah Kebangsaan Tropicana,education,3.128614,101.597215
4354,Tropicana Medical Centre (M) Sdn. Bhd.,healthcare,3.1488296,101.5784713
4356,Surian,transportation,3.149566,101.593712
4358,Kota Damansara,transportation,3.150123,101.57869000000001
4361,Sekolah Kebangsaan Kg Baharu Lanjut,education,2.794571,101.717652
4362,Admal Aviation College,education,2.806302,101.72397099999999
4363,Salak Tinggi,transportation,2.8255556,101.7130556
4364,Sekolah Jenis Kebangsaan (Tamil) Ladang Bukit Rajah,education,3.0912740000000003,101.438365
4365,Asean Culinary Academy,education,3.1008709999999997,101.444351
4366,Sekolah Kebangsaan Batu Belah,education,3.070836,101.443326
4367,Sekolah Kebangsaan Setia Alam,education,3.0942369999999997,101.454463
4368,Sekolah Kebangsaan Taman Klang Utama,education,3.0840509999999997,101.421676
4369,Sekolah Menengah Kebangsaan Taman Klang Utama,education,3.082934,101.42170300000001
4370,Sekolah Jenis Kebangsaan (Tamil) Ladang North Hummock,education,3.104316,101.445674
4371,Sekolah Menengah Kebangsaan Setia Alam,education,3.094164,101.45721999999999
4372,Klinik Desa Batu Belah Klang,healthcare,3.07619,101.436947
4373,Pasar Besar Klang,transportation,3.068396,101.450757
4374,Sekolah Kebangsaan Olak Lempit,education,2.835472,101.587744
4375,Sekolah Jenis Kebangsaan (Tamil) Sg Manggis,education,2.827301,101.541099
4376,Klinik Desa Olak Lempit,healthcare,2.836243,101.587132
4377,Sekolah Jenis Kebangsaan (Tamil) Bangi,education,2.8927697,101.7943183
4378,Sekolah Kebangsaan Bangi,education,2.9048130000000003,101.784463
4379,Sekolah Jenis Kebangsaan (Cina) Yoke Min,education,2.9030240000000003,101.783171
4380,KUIS - Selangor International Islamic University College,education,2.891338,101.788217
4381,Brainy Bunch  - Putra Mahkota Bangi,education,2.8867974,101.7904872
4382,Sekolah Kebangsaan Rinching Hilir,education,2.9013880000000003,101.813872
4383,Sekolah Menengah Kebangsaan Bandar Seri Putra,education,2.887744,101.783331
4384,Universiti Kebangsaan Malaysia (Ukm),education,2.91984,101.780868
4385,Sekolah Kebangsaan Bandar Seri Putra,education,2.889831,101.775401
4386,Klinik Desa Bangi Lama,healthcare,2.902257,101.778374
4387,Klinik Desa Rinching Hilir,healthcare,2.9015299999999997,101.81258000000001
4388,Bangi,transportation,2.9041667,101.78611109999999
4389,Sekolah Kebangsaan Bukit Raya,education,3.073055,101.78162900000001
4390,Sekolah Menengah Kebangsaan Dusun Nanding,education,3.08224,101.790503
4391,Sekolah Kebangsaan Dusun Nanding,education,3.0831619999999997,101.791043
4392,Brainy Bunch - Bandar Mahkota Cheras (new),education,3.0519057000000003,101.7902063
4393,Sekolah Menengah Kebangsaan Bandar Baru Sungai Long,education,3.052821,101.801833
4394,AMU - Asia Metropolitan University,education,3.077816,101.778104
4395,Beaconhouse International School - Newlands Campus,education,3.065514,101.77470699999999
4396,Sekolah Jenis Kebangsaan (Cina) Bandar Sungai Long,education,3.051739,101.803314
4398,Sekolah Kebangsaan Sungai Serai,education,3.087726,101.790109
4404,Bandar Tun Hussein Onn,transportation,3.048115,101.77504
4405,MMU - Multimedia University,education,2.9275740000000003,101.64224
4406,King Henry VIII College,education,2.9222215,101.63448129999999
4407,Sekolah Menengah Kebangsaan Cyberjaya,education,2.919294,101.63946700000001
4408,Sekolah Kebangsaan Cyberjaya,education,2.919236,101.63838299999999
4409,CUCMS - Cyberjaya University College of Medical Sciences,education,2.9310009999999997,101.637854
4410,elc International School - Cyberjaya Campus,education,2.926963,101.6467828
4411,Brainy Bunch - Cyberjaya,education,2.925082,101.655988
4412,The children's house - Cyberjaya,education,2.9229,101.6607
4413,Sekolah Kebangsaan Taman Putra Perdana,education,2.940266,101.621234
4414,Sekolah Menengah Kebangsaan Putra Perdana,education,2.944004,101.62207099999999
4415,Brainy Bunch - Denai Alam (new),education,3.1616,101.5112
4416,REAL Schools Shah Alam,education,3.147775,101.516921
4417,REAL International School - Shah Alam,education,3.147775,101.516921
4418,Sekolah Menengah Kebangsaan Subang,education,3.151857,101.528276
4419,Sekolah Jenis Kebangsaan (Tamil) Ldg Rasak,education,3.170398,101.509855
4420,Sekolah Kebangsaan Taman Bukit Subang,education,3.1719180000000002,101.513598
4421,Sekolah Kebangsaan Subang,education,3.151813,101.531673
4422,Sekolah Jenis Kebangsaan (Cina) Subang,education,3.1434919999999997,101.534764
4423,Sekolah Kebangsaan Puncak Perdana,education,3.141422,101.49638900000001
4424,Klinik Desa Kampung Melayu Subang,healthcare,3.151681,101.533048
4425,Klinik Pakar Wanita & Bersalin Subang Permai,healthcare,3.1395809,101.52619200000001
4426,Sekolah Menengah Kebangsaan Puchong Permai,education,2.995003,101.595826
4427,Sekolah Menengah Kebangsaan Puchong Perdana,education,3.005112,101.600236
4428,Sekolah Kebangsaan Puchong Perdana,education,3.004802,101.60177
4429,Kingsley International School,education,3.0062142000000005,101.5783114
4430,Genius Aulad,education,2.980702,101.603513
4431,Sekolah Kebangsaan Puchong Indah,education,3.010969,101.606534
4432,Sekolah Kebangsaan Puchong Utama,education,2.989375,101.611361
4433,Sekolah Kebangsaan Puchong Utama 3,education,3.000973,101.61296999999999
4434,Sekolah Menengah Kebangsaan Puchong Utama (1),education,2.98387,101.610563
4435,Brainy Bunch -  Puchong Utama,education,2.9925,101.6156
4436,Sekolah Kebangsaan Puchong Utama 2,education,2.9816700000000003,101.613049
4437,Sekolah Menengah Kebangsaan USJ 23,education,3.01917,101.580549
4438,Sekolah Kebangsaan Alam Megah Dua,education,3.0100830000000003,101.570763
4439,Sekolah Kebangsaan Alam Megah (3),education,3.002773,101.56774300000001
4440,Klinik Desa Batu 13 1/2,healthcare,3.02085,101.59255
4441,Pusat Pakar Wanita & Bersalin Mutiara,healthcare,3.0113,101.614273
4442,Puchong Prima,transportation,2.999566,101.59660600000001
4443,Putra Heights,transportation,2.996208,101.577207
4444,Puchong Perdana,transportation,3.009081,101.607759
4445,Subang Alam,transportation,3.008408,101.57229
4449,Sam Paya Jaras,education,3.209359,101.502504
4456,Sekolah Kebangsaan Taman Bukit Indah,education,3.1558330000000003,101.775553
4457,Sekolah Menengah Kebangsaan Taman Kosas,education,3.1481779999999997,101.772171
4459,Sekolah Menengah Kebangsaan Bukit Indah,education,3.155423,101.776753
4460,Sekolah Kebangsaan Taman Kosas,education,3.1481630000000003,101.773833
4468,Sekolah Menengah Kebangsaan Bandar Baru Ampang,education,3.13692,101.768273
4471,Sekolah Kebangsaan Ampang Campuran,education,3.132981,101.767877
4482,Sekolah Menengah Kebangsaan Damansara Damai 1,education,3.191547,101.592321
4483,Sekolah Kebangsaan Damansara Damai 1,education,3.193696,101.592722
4484,Sekolah Kebangsaan Damansara Damai 2,education,3.192638,101.583835
4489,IGB International School (IGBIS),education,3.20434,101.587239
4492,Sekolah Menengah Kebangsaan Seksyen 8 Kota Damansara,education,3.177869,101.579193
4496,elc International School - Sungai Buloh Campus,education,3.207624,101.581453
4497,Sekolah Jenis Kebangsaan (Tamil) Saraswathy,education,3.208286,101.577083
4498,Sekolah Jenis Kebangsaan (Cina) Sungai Buloh,education,3.195002778,101.5687528
4505,Brainy Bunch  - Sungai Buloh,education,3.2085,101.573
4506,Sekolah Menengah Kebangsaan Sierramas,education,3.214314,101.580205
4507,Pusat Perubatan Damansara Damai,healthcare,3.199248,101.59335
4508,Hospital Bersalin & Poliklinik Pusrawi Corporation Sdn. Bhd. Kota Damansara,healthcare,3.17519,101.5746599
4509,Damansara Damai,transportation,3.199682,101.593379
4510,Kampung Selamat,transportation,3.197163,101.57839
4512,Sungai Buloh,transportation,3.2062470000000003,101.581744
4513,Sungai Buloh,transportation,3.2061111,101.5797222
4514,Kwasa Damansara,transportation,3.1763169999999996,101.572479
4515,Brainy Bunch - TTDI Jaya,education,3.1019,101.5516
4516,Sekolah Menengah Kebangsaan Ttdi Jaya,education,3.104725,101.554715
4517,Sekolah Kebangsaan Taman Tun Dr Ismail Jaya,education,3.106402,101.557458
4518,Sekolah Jenis Kebangsaan (Tamil) Ldg Glenmarie,education,3.10086,101.560154
4519,KDU University College,education,3.092963,101.559823
4520,Sekolah Seni Malaysia Kuala Lumpur,education,3.1117169999999996,101.540084
4521,Sekolah Menengah Kebangsaan Shah Alam,education,3.1117169999999996,101.540084
4522,Sekolah Kebangsaan Bukit Jelutong,education,3.106663,101.531193
4523,Sekolah Kebangsaan Tudm Subang,education,3.118788,101.540187
4524,Sekolah Menengah Kebangsaan Bukit Jelutong,education,3.109003,101.53147299999999
4525,Sekolah Kebangsaan Seksyen 13,education,3.0832900000000003,101.538545
4526,Greenview Islamic School,education,3.1031,101.5281
4528,Ara Damansara Medical Centre,healthcare,3.1148689999999997,101.565427
4529,Hospital Umra,healthcare,3.0828888,101.53998229999999
4530,Malawati @ Stadium,transportation,3.079349,101.54973199999999
4551,Sekolah Jenis Kebangsaan (Cina) Chee Wen,education,3.050303,101.60301
4556,Sekolah Menengah Kebangsaan USJ 8,education,3.0453900000000003,101.591915
4559,Sekolah Kebangsaan Seafield 3,education,3.043786,101.591931
4560,The One Academy,education,3.0735259999999998,101.610037
4565,Taylor's University,education,3.0645279999999997,101.615895
4567,Sekolah Kebangsaan Kampung Lindungan,education,3.080854,101.607168
4568,Sekolah Kebangsaan Bandar Sunway,education,3.068343,101.617323
4569,Sekolah Menengah Kebangsaan Bandar Sunway,education,3.070252,101.617425
4570,Malvern International Academy,education,3.077794,101.613302
4572,Sekolah Kebangsaan Dato' Onn Jaafar,education,3.036987,101.589455
4573,Sri Emas International School,education,3.0842085,101.6083431
4574,Sekolah Jenis Kebangsaan (Cina) Tun Tan Cheng Lock,education,3.036407,101.58975600000001
4576,Sunway Medical Centre Sendirian Berhad,healthcare,3.0662171000000003,101.6095502
4584,Sunmed,transportation,3.065651,101.609825
4586,Lagoon,transportation,3.0706919999999998,101.61075
4588,Mentari,transportation,3.0759849999999997,101.61005899999999
4591,Setia Jaya,transportation,3.0830556000000002,101.61111109999999
4600,Sekolah Kebangsaan Taman Putra Perdana 2,education,2.9405,101.611088
4602,Klinik Desa Pulau Meranti,healthcare,2.955172,101.62508000000001
4603,Cyberjaya North,transportation,2.950009,101.65718100000001
4604,Sekolah Menengah Kebangsaan Kelana Jaya,education,3.1077529999999998,101.59705799999999
4605,Cherie Hearts International Preschool - Ara Damansara,education,3.1131919999999997,101.591482
4606,Vision College,education,3.106225,101.59973199999999
4607,Life College Malaysia,education,3.113734,101.589805
4608,Allied Aeronautics Training Centre,education,3.11396,101.590265
4609,UNITAR International University,education,3.100319,101.600216
4610,Lincoln University College (LUC),education,3.094839,101.59281800000001
4611,Nobel International School,education,3.1058,101.6067
4612,Japanese School Kuala Lumpur,education,3.109469,101.57856
4613,Sekolah Kebangsaan Lembah Subang,education,3.1153150000000003,101.58076
4614,Sekolah Menengah Kebangsaan Lembah Subang,education,3.114712,101.580152
4615,Sekolah Kebangsaan Kelana Jaya (1),education,3.105271,101.607623
4616,Sekolah Kebangsaan Kelana Jaya (2),education,3.105779,101.607784
4617,Sekolah Kebangsaan Sri Kelana,education,3.098663,101.60584300000001
4618,Sekolah Kebangsaan Taman Megah,education,3.116173,101.60679300000001
4619,Sekolah Jenis Kebangsaan (Cina) Yuk Chai,education,3.117208,101.60700600000001
4620,The children's house - Ara Damansara,education,3.1148184,101.574914
4621,Sekolah Menengah Kebangsaan Sri Permata,education,3.102434,101.613541
4623,Sekolah Jenis Kebangsaan (Tamil) Seaport,education,3.087104,101.60503
4625,Sekolah Menengah Kebangsaan Taman Sea,education,3.110415,101.616569
4627,Kelana Jaya Medical Centre Sdn Bhd,healthcare,3.1086814,101.5952646
4628,Kelana Indah @ Persada Plus,transportation,3.1072130000000002,101.59135699999999
4629,Lembah Subang,transportation,3.111935,101.591538
4630,Ara Damansara,transportation,3.1084560000000003,101.586632
4631,Glenmarie,transportation,3.095338,101.590422
4632,Glenmarie,transportation,3.095637,101.588564
4633,Kelana Jaya,transportation,3.1128607999999995,101.6050541
4634,Dataran Prima,transportation,3.121734,101.593912
4635,Taman Bahagia,transportation,3.11079,101.61285600000001
4639,Sekolah Jenis Kebangsaan (Tamil) Puchong,education,3.001541,101.621509
4641,Sekolah Menengah Kebangsaan Puchong,education,3.000541,101.62145799999999
4642,Sekolah Jenis Kebangsaan (Cina) Han Ming,education,2.996667,101.62286
4644,Sekolah Kebangsaan Puchong,education,2.996286,101.624551
4647,Sekolah Jenis Kebangsaan (Cina) Kheng Chee,education,3.021995,101.628867
4648,Sekolah Kebangsaan Pusat Bandar Puchong (1),education,3.027503,101.621937
4649,Sekolah Jenis Kebangsaan (Tamil) Castlefield,education,3.028473,101.614173
4650,Sekolah Menengah Kebangsaan Pusat Bandar Puchong 1,education,3.028393,101.622647
4652,Sekolah Kebangsaan Pusat Bandar Puchong 2,education,3.027874,101.62801800000001
4653,Inspiros International School,education,3.0319394,101.61764140000001
4657,Kpmc Puchong Medical Centre,healthcare,3.024655,101.61575570000001
4658,Columbia Hospital,healthcare,3.0238484,101.6223925
4661,Bandar Puteri,transportation,3.016886,101.612584
4662,Taman Perindustrian Puchong,transportation,3.022554,101.613499
4664,Pusat Bandar Puchong,transportation,3.033435,101.616162
4665,Sekolah Menengah Kebangsaan Seri Puteri,education,2.911382,101.663246
4667,Heriot-Watt University Malaysia,education,2.899581,101.672558
4669,Sekolah Kebangsaan Putrajaya Presint 8(2),education,2.9306200000000002,101.681
4670,Sekolah Kebangsaan Putrajaya Presint 18(2),education,2.91545,101.69200000000001
4671,Sekolah Menengah Kebangsaan Putrajaya Presint 5(1),education,2.88948,101.677
4672,Sekolah Kebangsaan Putrajaya Presint 5(1),education,2.88968,101.678
4673,Sekolah Menengah Kebangsaan Putrajaya Presint 9(2),education,2.93661,101.676
4674,Sekolah Kebangsaan Putrajaya Presint 9 (2),education,2.93722,101.67399999999999
4676,Klinik Kesihatan Putrajaya Presint 13,healthcare,2.9161490000000003,101.683791
4677,Putrajaya/Cyberjaya,transportation,2.9311111,101.6708333
4678,Putrajaya Sentral,transportation,2.931483,101.67136500000001
4689,Sekolah Menengah Kebangsaan Bandar Puchong Jaya (A),education,3.063752,101.622968
4693,Sekolah Kebangsaan Puchong Jaya 2,education,3.063963,101.62389499999999
4694,Kolej Tingkatan Enam Petaling Jaya,education,3.07585,101.623715
4701,Sekolah Kebangsaan Puchong Jaya,education,3.05715,101.626266
4702,Sekolah Kebangsaan Sungei Way,education,3.085003,101.616104
4706,Sekolah Menengah Kebangsaan Batu 8,education,3.06073,101.629574
4712,Arte Academy,education,3.0464689999999996,101.621062
4714,Sekolah Jenis Kebangsaan (Cina) Sungai Way,education,3.087843,101.620993
4716,Cherie Hearts International Preschool - Bandar Puteri Puchong,education,3.045935,101.621809
4717,Cherie Hearts International Preschool - Seri Kembangan,education,3.045935,101.621809
4719,Binary University of Management and Entrepreneurship,education,3.043592,101.619498
4729,Sunway-Setia Jaya,transportation,3.082933,101.61261
4730,Seri Setia,transportation,3.0844443999999998,101.6216667
4733,Ioi Puchong Jaya,transportation,3.04806,101.62066899999999
4736,Portman College,education,3.025368,101.717004
4737,Universiti Putra Malaysia (Upm),education,3.021998,101.705541
4738,Sekolah Jenis Kebangsaan (Cina) Serdang Baru (1),education,3.0254529999999997,101.700773
4739,Sekolah Kebangsaan Taman Sungai Besi Indah,education,3.026011,101.722598
4740,Sekolah Menengah Kebangsaan Seri Kembangan,education,3.027883,101.69773599999999
4741,Australian International School Malaysia (AISM),education,3.0205,101.7234
4742,Sekolah Jenis Kebangsaan (Cina) Serdang Baru (2),education,3.012936,101.70935
4743,Sekolah Jenis Kebangsaan (Cina) Kung Man,education,3.015323,101.720713
4744,Sekolah Kebangsaan Sri Serdang,education,3.013461,101.71819
4745,Sekolah Menengah Kebangsaan Seri Indah,education,3.012343,101.716216
4746,Brainy Bunch - Sri Serdang,education,3.008343,101.714735
4747,Sekolah Menengah Kebangsaan Seri Serdang,education,3.006869,101.714203
4751,Serdang Raya North,transportation,3.0285849999999996,101.70786700000001
4752,Serdang,transportation,3.0230556,101.7158333
4753,Seri Kembangan,transportation,3.02203,101.708952
4754,Upm,transportation,3.008492,101.705127
4755,Sekolah Jenis Kebangsaan (Tamil) Ldg West Country 'Timur',education,2.964208761,101.7883427
4756,Sekolah Menengah Kebangsaan Jalan Reko,education,2.964731,101.78948299999999
4757,Sekolah Menengah Kebangsaan Jalan Empat,education,2.9609080000000003,101.78196899999999
4758,Aviation Management College,education,2.964445,101.779718
4759,Rafflesia International School Kajang,education,2.963524,101.803481
4760,Rafflesia Private School Kajang,education,2.963524,101.803481
4761,Sekolah Kebangsaan Jalan Empat,education,2.951248,101.779538
4762,Brainy Bunch Seksyen 9 Bandar Baru Bangi (new),education,2.949488,101.778814
4763,Brainy Bunch Seksyen 15 Bandar Baru Bangi (new),education,2.949488,101.778814
4764,Brainy Bunch - Seksyen 4 Bandar Baru Bangi,education,2.949488,101.778814
4765,Brainy Bunch Seksyen 7 Bandar Baru Bangi (new),education,2.949488,101.778814
4766,Sekolah Menengah Kebangsaan Kajang Utama,education,2.973235,101.795234
4767,Sekolah Kebangsaan Kajang Utama,education,2.973839,101.794229
4768,Sekolah Kebangsaan Jalan 3,education,2.9460889999999997,101.779441
4769,Sekolah Menengah Kebangsaan Jalan Tiga,education,2.9442209999999998,101.779884
4770,Sekolah Kebangsaan Seksyen 7,education,2.970422,101.775508
4771,Sekolah Kebangsaan Bandar Baru Bangi,education,2.946143,101.770983
4772,Sekolah Menengah Kebangsaan Bandar Baru Bangi,education,2.9466069999999998,101.769725
4773,Sekolah Kebangsaan (2) Jalan Bukit,education,2.9836139999999998,101.79166
4774,GMI - German-Malaysian Institute,education,2.9332599999999998,101.79805400000001
4775,Sekolah Kebangsaan Jalan Bukit Satu,education,2.9840880000000003,101.791966
4776,Britannia Women & Children Specialist Centre,healthcare,2.9773391,101.7952565
4777,Ukm,transportation,2.9394577,101.78767629999999
4778,Kajang,transportation,2.982911,101.790543
4779,Kajang,transportation,2.983756,101.790205
4780,Sekolah Menengah Kebangsaan Saujana Impian,education,3.013302,101.788618
4781,Sekolah Kebangsaan Saujana Impian,education,3.012838,101.787166
4782,Sekolah Kebangsaan Saujana Impian (2),education,3.021045,101.79203199999999
4783,Brainy Bunch  - Saujana Impian Kajang,education,3.0159225,101.7960358
4784,Sekolah Menengah Agama Persekutuan Kajang,education,3.0197060000000002,101.780673
4785,Sekolah Menengah Kebangsaan Sultan Abdul Aziz Shah,education,3.005643,101.782853
4786,Sekolah Kebangsaan Seri Sekamat,education,3.023908,101.77964899999999
4787,Sekolah Kebangsaan Sungai Kantan,education,3.001743,101.791298
4788,Sekolah Kebangsaan Kantan Permai,education,3.0184830000000002,101.806863
4789,Sekolah Kebangsaan Taman Rakan,education,3.03376,101.787572
4790,Sekolah Menengah Kebangsaan Yu Hua,education,2.995997,101.791168
4791,Sekolah Jenis Kebangsaan (Cina) Yu Hua,education,2.995068,101.791262
4792,Sekolah Kebangsaan Kajang,education,2.994324,101.790442
4793,Sekolah Jenis Kebangsaan (Tamil) Kajang,education,2.994106,101.795014
4794,Sekolah Kebangsaan Jalan Semenyih '2',education,2.9929580000000002,101.794613
4795,Sekolah Menengah Kebangsaan Tinggi Kajang,education,2.992496,101.79503199999999
4796,Sekolah Kebangsaan Jalan Semenyih '1',education,2.992419,101.795153
4797,Beaconhouse Private School - Sri Murni Campus,education,3.0313236,101.7698352
4798,Sekolah Kebangsaan Convent,education,2.989672,101.789765
4799,Universiti Tunku Abdul Rahman (UTAR) Sungai Long,education,3.04033,101.794719
4800,Sekolah Menengah Kebangsaan Convent,education,2.989626,101.79017900000001
4801,Sekolah Kebangsaan Cheras Jaya,education,3.020454,101.762851
4802,Klinik Desa Sungai Sekamat,healthcare,3.02268,101.772408
4803,Kajang Plaza Medical Centre,healthcare,2.9957246,101.7883484
4804,Hospital Kajang,healthcare,2.993393,101.79272900000001
4805,Sungai Long Medical Centre Sdn. Bhd.,healthcare,3.0395851,101.7950817
4806,Sungai Jernih,transportation,3.000492,101.783989
4807,Bukit Dukung,transportation,3.026384,101.771035
4808,Stadium Kajang,transportation,2.993929,101.786148
4835,Sekolah Kebangsaan (L) Bukit Bintang (2),education,3.097866,101.63657099999999
4838,Sekolah Kebangsaan (L) Bukit Bintang (1),education,3.097664,101.635999
4846,Sekolah Menengah Kebangsaan Sri Utama,education,3.098364,101.631003
4850,Sekolah Menengah Kebangsaan (P) Sri Aman,education,3.102159,101.62830500000001
4854,MAZ International School - PJ Campus,education,3.1041090000000002,101.62576
4874,Sekolah Menengah Kebangsaan Jalan Kebun,education,2.981325,101.507875
4875,Sekolah Kebangsaan Bukit Naga,education,3.003152,101.50456700000001
4876,Sekolah Kebangsaan Bukit Rimau,education,2.992115,101.527004
4877,Sekolah Kebangsaan Jalan Kebun,education,2.973031,101.518007
4878,Sekolah Kebangsaan Kg Johan Setia,education,2.978659,101.49001899999999
4879,Kuala Lumpur Chinese Taipei School (CTS-KL),education,2.9978304000000002,101.5281766
4880,Klinik Desa Bukit Naga,healthcare,3.003473,101.505218
4881,Klinik Desa Jalan Kebun,healthcare,2.9719729999999998,101.515174
4882,Columbia Asia Hospital,healthcare,2.997119,101.5290834
4883,The Montessori Place - 16 Sierra Puchong,education,2.9734696,101.65414670000001
4884,Rafflesia International School Puchong,education,2.9721536,101.6572676
4885,Rafflesia Private School Puchong,education,2.9721536,101.6572676
4886,PIIC - Putra Intelek International College,education,2.980913,101.649777
4887,TAJ International College,education,2.9821,101.64560999999999
4888,Sekolah Kebangsaan Saujana Puchong,education,2.988333333,101.6391667
4889,Sekolah Kebangsaan Putrajaya Presint 11 (3),education,2.96144,101.666
4890,Sekolah Kebangsaan Putrajaya Presint 11(2),education,2.968,101.671
4891,Sekolah Menengah Kebangsaan Agama Putrajaya,education,2.96875,101.67200000000001
4892,Sekolah Menengah Kebangsaan Putrajaya Presint 11(2),education,2.9687200000000002,101.67200000000001
4893,Sekolah Kebangsaan Pulau Meranti,education,2.965492,101.625617
4894,16 Sierra,transportation,2.96555,101.654837
4895,Taman Putra Permai,transportation,2.98346,101.66095899999999
4897,Equine Park,transportation,2.9895680000000002,101.672336
4956,Sekolah Kebangsaan Kampung Tunku,education,3.0984700000000003,101.619988
4959,Brainy Bunch  - Kampung Tunku Kelana Jaya,education,3.0950724999999997,101.6193699
4983,Taman Paramount,transportation,3.104563,101.623132
5083,Sekolah Jenis Kebangsaan (Cina) Sin Ming,education,2.966116,101.61363100000001
5091,Sekolah Jenis Kebangsaan (Cina) Peng Ming,education,2.906463,101.468166
5092,Sekolah Kebangsaan Telok Panglima Garang,education,2.9061200339999997,101.46879179999999
5093,Sekolah Jenis Kebangsaan (Tamil) Telok Panglima Garang,education,2.9063630000000003,101.469616
5094,Sekolah Menengah Kebangsaan Telok Panglima Garang,education,2.911681,101.469044
5098,Klinik Desa Kebun Baru,healthcare,2.9122779999999997,101.48788
5100,Kolej Vokasional Shah Alam,education,3.047368,101.554907
5101,Fairview International School - Subang Jaya Campus,education,3.0447153,101.56664079999999
5104,Sekolah Kebangsaan USJ 12,education,3.042831,101.57413199999999
5107,Sekolah Kebangsaan Seksyen 20,education,3.055714,101.54074399999999
5110,Sekolah Menengah Kebangsaan USJ 13,education,3.037371,101.580663
5111,Sekolah Kebangsaan Hicom,education,3.026392,101.569715
5112,Sekolah Menengah Kebangsaan Seksyen 19,education,3.051169,101.533088
5114,Sekolah Kebangsaan Taman Sri Muda 2,education,3.033976,101.537465
5116,KPJ Selangor Specialist Hospital,healthcare,3.0573727,101.54077790000001
5118,Sekolah Menengah Kebangsaan Bukit Changgang,education,2.822893,101.622263
5119,Sekolah Kebangsaan Bkt Changgang,education,2.8322849999999997,101.627348
5120,Sekolah Kebangsaan Labohan Dagang,education,2.805832,101.613638
5121,Sekolah Kebangsaan Bukit Tadom,education,2.8045459999999998,101.623711
5122,Klinik Desa Labohan Dagang,healthcare,2.803613,101.61121800000001
5123,Sekolah Kebangsaan Sri Langat,education,2.809817,101.49427299999999
5124,Sekolah Jenis Kebangsaan (Cina) Choong Hua,education,2.807774,101.497686
5125,Sekolah Kebangsaan Bandar Banting,education,2.803977,101.502367
5126,Sekolah Menengah Kebangsaan Bandar Banting,education,2.803085,101.50261
5127,Sekolah Jenis Kebangsaan (Cina) Kah Wah,education,2.823741,101.501634
5128,Sekolah Kebangsaan Kanchong Darat,education,2.788408,101.48279000000001
5129,Hospital Banting,healthcare,2.803472,101.49389000000001
5130,Klinik Desa Teluk Bunut,healthcare,2.822133,101.510133
5131,Sekolah Jenis Kebangsaan (Cina) Tanjong Sepat,education,2.661492,101.557401
5132,Sekolah Menengah Kebangsaan Tanjung Sepat,education,2.656872,101.566474
5133,Sekolah Kebangsaan Tg Sepat,education,2.6741080000000004,101.555495
5134,Sekolah Jenis Kebangsaan (Tamil) Ladang Tumbuk,education,2.651790385,101.5816089
5135,Sekolah Kebangsaan Taman Universiti,education,3.005023,101.690202
5136,Sekolah Jenis Kebangsaan (Tamil) F E S Serdang,education,2.999458,101.701128
5137,Sekolah Kebangsaan Serdang,education,2.998783,101.70073000000001
5138,Brainy Bunch - Taman Puncak Jalil (new),education,3.010574,101.6757214
5139,Alice Smith School - Secondary Campus,education,2.9991079,101.6776437
5140,Putra Business School,education,3.002189,101.70665
5141,Sekolah Jenis Kebangsaan (Cina) Bukit Serdang Seri Kembangan,education,3.011283,101.672679
5145,Brainy Bunch - Equine Park,education,3.0024,101.6719
5147,Sekolah Menengah Kebangsaan Bandar Puncak Jalil,education,3.027138,101.678387
5155,Sekolah Jenis Kebangsaan (Cina) Jenjarom,education,2.8748270000000002,101.496687
5156,Sekolah Jenis Kebangsaan (Tamil) Jenjarom,education,2.879709,101.493763
5157,Sekolah Menengah Kebangsaan Jenjarom,education,2.88167,101.506937
5158,Sekolah Kebangsaan Jenjarom,education,2.885869,101.517641
5159,Klinik Desa Kampung Jenjarom,healthcare,2.887649,101.515048
5160,Ramsay Sime Darby Healthcare College,education,3.1078799999999998,101.459037
5161,Brainy Bunch -  Setia Alam,education,3.1122679,101.4648727
5162,Peninsula International School Australia,education,3.114002,101.45329699999999
5163,Idrissi International School,education,3.1064336,101.4690047
5164,Sekolah Jenis Kebangsaan (Cina) Pin Hwa (1),education,3.114023,101.450963
5165,Odyssey The Global Preschool,education,3.1056436,101.4690867
5170,Tenby International School - Kota Kemuning,education,3.0978461,101.48322309999999
5171,Tenby Schools - Setia Eco Park,education,3.0978,101.4832
5257,Sekolah Jenis Kebangsaan (Tamil) Tun Sambanthan,education,3.035625,101.588612
5261,Sekolah Jenis Kebangsaan (Tamil) Ldg Seafield,education,3.029489,101.587655
5262,RENG College of Technology and Design,education,3.027314,101.58191
5263,Sekolah Kebangsaan USJ 20,education,3.028526,101.587413
5277,Brainy Bunch -  Putra Heights One City USJ 25,education,3.020811,101.57944
5278,Brainy Bunch International Islamic Montessori,education,3.0208107,101.5794396
5279,Sekolah Jenis Kebangsaan (Cina) Tun Tan Siew Sin,education,3.0212209999999997,101.573365
5282,Wawasan,transportation,3.034144,101.588044
5285,USJ 21,transportation,3.029292,101.581304
5288,Alam Megah,transportation,3.023266,101.57225799999999
5358,Sekolah Kebangsaan Seksyen 27 (2),education,3.016785,101.570449
5359,Sekolah Menengah Kebangsaan Seksyen 27,education,3.0215959999999997,101.56610500000001
5361,Sekolah Kebangsaan Seksyen 27(1),education,3.020541,101.565389
5362,Sekolah Menengah Kebangsaan Alam Megah,education,3.012403,101.568793
5365,Sekolah Jenis Kebangsaan (Tamil) Hicom,education,3.0198650000000002,101.564861
